fold,epoch,train_loss,val_loss
0,1,8.87031557469303,8.248270988464355
0,2,8.229287233965305,8.00846004486084
0,3,8.018440896911782,7.895720481872559
0,4,7.884788188822005,7.827396392822266
0,5,7.79059593223785,7.720041751861572
0,6,7.713689123347154,7.731039047241211
0,7,7.653251777195263,7.670707702636719
0,8,7.58526861244436,7.658120632171631
0,9,7.5300834319655525,7.587639808654785
0,10,7.476220709861527,7.619639873504639
0,11,7.4419697640814135,7.545140743255615
0,12,7.409113435523573,7.701337814331055
0,13,7.35638165585948,7.512101650238037
0,14,7.321185383794303,7.507537841796875
0,15,7.297469175918732,7.528571605682373
0,16,7.264020600216385,7.489375114440918
0,17,7.239798372749915,7.465940952301025
0,18,7.217081043008489,7.423720836639404
0,19,7.190391799850418,7.463805198669434
0,20,7.176617628905654,7.482089042663574
0,21,7.137115425110916,7.413519382476807
0,22,7.129802420906642,7.4345293045043945
0,23,7.086519819630111,7.40410041809082
0,24,7.074876830747112,7.438231945037842
0,25,7.071603360514679,7.410077095031738
0,26,7.049849510227496,7.385622978210449
0,27,7.0217670113348385,7.374624729156494
0,28,7.018749954617077,7.395997524261475
0,29,6.990273985782438,7.35297155380249
0,30,6.9725083867641615,7.397822380065918
0,31,6.961816170116979,7.363828182220459
0,32,6.954907981585425,7.377437591552734
0,33,6.93028456908007,7.381349563598633
0,34,6.940255651081566,7.374328136444092
0,35,6.909792817880145,7.333607196807861
0,36,6.897907938017819,7.358323574066162
0,37,6.890834555646725,7.340769290924072
0,38,6.8619987002330864,7.385067462921143
0,39,6.869630746385704,7.345717906951904
0,40,6.8404958175098205,7.422736167907715
0,41,6.848969263053944,7.3327202796936035
0,42,6.840958723323918,7.358962059020996
0,43,6.811271030446496,7.350041389465332
0,44,6.798052800307878,7.373422145843506
0,45,6.799102053486497,7.355414867401123
0,46,6.793287593398055,7.33997106552124
0,47,6.781654588758105,7.317554473876953
0,48,6.766340121408396,7.355497360229492
0,49,6.761189159653492,7.383779048919678
0,50,6.749637390445624,7.397157192230225
0,51,6.735098063419912,7.415630340576172
0,52,6.746659816870829,7.34622859954834
0,53,6.7199678507373815,7.32716703414917
0,54,6.7208414720041825,7.303959369659424
0,55,6.70770175432227,7.350148677825928
0,56,6.7023452079264,7.3286614418029785
0,57,6.69651032552263,7.327570915222168
0,58,6.687216810560788,7.317246913909912
0,59,6.688430803749719,7.309283256530762
0,60,6.671905973844914,7.412038803100586
0,61,6.680000471982399,7.310362815856934
0,62,6.671785709099095,7.3140153884887695
0,63,6.64988617962924,7.300420761108398
0,64,6.648196119578556,7.320036888122559
0,65,6.650700349266975,7.295580863952637
0,66,6.64468620431755,7.339217662811279
0,67,6.636299440156263,7.3270649909973145
0,68,6.633763896251008,7.314425468444824
0,69,6.613632485459312,7.328267574310303
0,70,6.608002280038049,7.294466495513916
0,71,6.611497672763711,7.348960876464844
0,72,6.601508891422265,7.368587017059326
0,73,6.608479254558261,7.409760475158691
0,74,6.592828045920257,7.274683952331543
0,75,6.581930244632108,7.296483039855957
0,76,6.585449690306934,7.286776065826416
0,77,6.571145446822106,7.346256732940674
0,78,6.575567558834421,7.330673694610596
0,79,6.564844481799633,7.275173664093018
0,80,6.564406990422388,7.368404865264893
0,81,6.551969346558522,7.317686557769775
0,82,6.564942508913206,7.299992084503174
0,83,6.554238038876827,7.359318256378174
0,84,6.537037003420057,7.302381992340088
0,85,6.543805866378152,7.337010383605957
0,86,6.532520494928004,7.389734268188477
0,87,6.528768688687671,7.299283027648926
0,88,6.515849532011298,7.314345836639404
0,89,6.526764124980939,7.336728572845459
0,90,6.524835350755535,7.312783718109131
0,91,6.5334540216531005,7.317955017089844
0,92,6.52091880450489,7.2713141441345215
0,93,6.504508339565922,7.304934978485107
0,94,6.501348326640865,7.2736358642578125
0,95,6.496040793801782,7.274986743927002
0,96,6.490883478437666,7.285652160644531
0,97,6.486846667441202,7.294914722442627
0,98,6.482577042050001,7.317785263061523
0,99,6.476083199604987,7.2964372634887695
0,100,6.498386637089103,7.309362411499023
0,101,6.500035398679901,7.299472332000732
0,102,6.475580356818694,7.284155368804932
0,103,6.452978753530791,7.273833751678467
0,104,6.459438558783592,7.275320529937744
0,105,6.464265032639398,7.260183334350586
0,106,6.456076591851406,7.302381992340088
0,107,6.446447697088958,7.322919845581055
0,108,6.449199717536688,7.287823677062988
0,109,6.442475329843084,7.2915873527526855
0,110,6.443200548951836,7.273780345916748
0,111,6.449826001873407,7.255674839019775
0,112,6.4465525316409735,7.311176300048828
0,113,6.442143126847085,7.281498432159424
0,114,6.43594518105971,7.254671573638916
0,115,6.431175435857592,7.284628391265869
0,116,6.420833575375589,7.2689666748046875
0,117,6.42031757154164,7.298108100891113
0,118,6.423279714922631,7.257620811462402
0,119,6.411523722561485,7.290961265563965
0,120,6.414764063260164,7.270422458648682
0,121,6.414452736408722,7.251359462738037
0,122,6.4189365691962506,7.270517349243164
0,123,6.406741270140941,7.247799396514893
0,124,6.393242573538489,7.248427391052246
0,125,6.401010768459957,7.248875617980957
0,126,6.412831658400924,7.263465404510498
0,127,6.395119611231729,7.240928649902344
0,128,6.3983535983211945,7.280008792877197
0,129,6.398085839075786,7.24581241607666
0,130,6.386772330213408,7.251683712005615
0,131,6.371033078704881,7.3443732261657715
0,132,6.392125699804672,7.284231662750244
0,133,6.372296085450598,7.297097206115723
0,134,6.378839849110857,7.2811970710754395
0,135,6.373958008089052,7.2413740158081055
0,136,6.36346865310746,7.2294697761535645
0,137,6.379064494579464,7.279170513153076
0,138,6.385765736982362,7.281966686248779
0,139,6.359238057029996,7.26816987991333
0,140,6.361643351946383,7.27325963973999
0,141,6.36069757183209,7.2798590660095215
0,142,6.3642837304036535,7.3292107582092285
0,143,6.360015012670912,7.2856926918029785
0,144,6.355468551449712,7.278421401977539
0,145,6.352565859697786,7.26125955581665
0,146,6.345707138552249,7.256409168243408
0,147,6.346413750662591,7.282425403594971
0,148,6.358058554862508,7.255037307739258
0,149,6.350800917824234,7.233517646789551
0,150,6.345119429700037,7.242743492126465
0,151,6.345885493439445,7.273684024810791
0,152,6.332321445427943,7.269594192504883
0,153,6.335109772214033,7.284987449645996
0,154,6.341025436220655,7.271434783935547
0,155,6.321714548675907,7.262060642242432
0,156,6.336762164438667,7.25661039352417
1,1,8.90569337845001,8.34373664855957
1,2,8.243570147476346,8.087613105773926
1,3,8.022418256279181,7.957787990570068
1,4,7.878757706020317,7.8611016273498535
1,5,7.770726380911579,7.810425758361816
1,6,7.690468496990205,7.777259349822998
1,7,7.625383031869704,7.718677520751953
1,8,7.562379735254181,7.736717700958252
1,9,7.512420398353145,7.651226997375488
1,10,7.464568190564709,7.631166458129883
1,11,7.411317684091289,7.608098030090332
1,12,7.384632979225513,7.607051849365234
1,13,7.356713405026249,7.564578533172607
1,14,7.313010104053966,7.607994079589844
1,15,7.284417047278114,7.5818657875061035
1,16,7.264856099827908,7.5359296798706055
1,17,7.220363589825512,7.5294880867004395
1,18,7.2135511592613835,7.5049052238464355
1,19,7.177097326401243,7.508784770965576
1,20,7.164460451505624,7.485119342803955
1,21,7.131027759826311,7.519911289215088
1,22,7.104825475431501,7.48509407043457
1,23,7.092200853925078,7.49367094039917
1,24,7.07837540027738,7.482503414154053
1,25,7.0652515666185005,7.481342792510986
1,26,7.034810517220096,7.4666924476623535
1,27,7.013583108839141,7.417792320251465
1,28,7.007664721857142,7.430173397064209
1,29,6.983037224888721,7.438370704650879
1,30,6.96471432357661,7.401937007904053
1,31,6.964273655394758,7.429037094116211
1,32,6.9363704190477575,7.445566177368164
1,33,6.927835706557651,7.399116516113281
1,34,6.9142330830616405,7.441800117492676
1,35,6.891773528322575,7.380059242248535
1,36,6.892353975907114,7.3924102783203125
1,37,6.878259401526319,7.375076770782471
1,38,6.860475195509632,7.39171028137207
1,39,6.85916998264557,7.363425254821777
1,40,6.844078799276778,7.405515670776367
1,41,6.828424413834167,7.342373371124268
1,42,6.809161178358518,7.389740467071533
1,43,6.79369785502153,7.351410388946533
1,44,6.79799561782496,7.370741367340088
1,45,6.791882991932732,7.357392311096191
1,46,6.7769570024034795,7.371635913848877
1,47,6.761784583602605,7.3793044090271
1,48,6.744914389654146,7.3445048332214355
1,49,6.748405697916742,7.340078830718994
1,50,6.741945438834712,7.345873832702637
1,51,6.709771669438051,7.386772155761719
1,52,6.7160081907099345,7.375816345214844
1,53,6.719430970758875,7.407437801361084
1,54,6.711867906649143,7.366211891174316
1,55,6.696673250216023,7.332954406738281
1,56,6.683646536012257,7.338354110717773
1,57,6.684538764277468,7.35390567779541
1,58,6.681482678245968,7.364464282989502
1,59,6.665070397990081,7.333444595336914
1,60,6.669660426817313,7.384488105773926
1,61,6.659242776853983,7.329198360443115
1,62,6.652645007515412,7.374117374420166
1,63,6.6328916364718955,7.356326103210449
1,64,6.636252695745624,7.322523593902588
1,65,6.620455354095718,7.337730884552002
1,66,6.621662086016977,7.308769702911377
1,67,6.618378177712265,7.310259819030762
1,68,6.622085508688107,7.283666133880615
1,69,6.60480777609155,7.311448097229004
1,70,6.606614470254217,7.366597652435303
1,71,6.605684120333728,7.347016334533691
1,72,6.582881016867924,7.353145599365234
1,73,6.585302195807344,7.341261863708496
1,74,6.582746683415991,7.409479141235352
1,75,6.566783240268086,7.314659595489502
1,76,6.575106468337243,7.322356700897217
1,77,6.561920913903149,7.290138244628906
1,78,6.564102924838618,7.297041893005371
1,79,6.558612044990815,7.304213047027588
1,80,6.538879550091855,7.286797523498535
1,81,6.551472857381442,7.282644748687744
1,82,6.5323684621361195,7.308874130249023
1,83,6.532592199946267,7.297285556793213
1,84,6.527253352890348,7.297604560852051
1,85,6.527465291140527,7.326204299926758
1,86,6.523078123978884,7.3747453689575195
1,87,6.524312085653913,7.31444787979126
1,88,6.510478009250855,7.3784637451171875
1,89,6.505502679407771,7.335892677307129
1,90,6.4948317927343755,7.31862735748291
1,91,6.4953664035667344,7.315744400024414
1,92,6.498770122788036,7.318453311920166
1,93,6.4960970686262405,7.3067851066589355
1,94,6.48679311559212,7.290902137756348
1,95,6.4825829418299845,7.293487071990967
1,96,6.501480390946652,7.363924503326416
1,97,6.472103117262211,7.329516887664795
1,98,6.463822095311399,7.316656589508057
1,99,6.470321383707168,7.300651550292969
1,100,6.4674309453444385,7.294927597045898
1,101,6.457210711095943,7.308136940002441
2,1,8.864835623649864,8.579341888427734
2,2,8.217518652313613,8.297933578491211
2,3,7.9941292864015105,8.1522798538208
2,4,7.866779821010402,8.05920696258545
2,5,7.7485967651169965,7.978990077972412
2,6,7.681367654800588,7.963803291320801
2,7,7.605557118739449,7.904654026031494
2,8,7.545632817180097,7.8799872398376465
2,9,7.481881387623214,7.879465103149414
2,10,7.451350590883512,7.858259677886963
2,11,7.4043281536478665,7.83723783493042
2,12,7.372317878991414,7.757874011993408
2,13,7.33227803292973,7.759696960449219
2,14,7.286054786065678,7.754459381103516
2,15,7.269789605533066,7.742234706878662
2,16,7.239730789478461,7.705820083618164
2,17,7.21660282825349,7.69041109085083
2,18,7.184605260769328,7.6899824142456055
2,19,7.165246791438997,7.718660831451416
2,20,7.137153956468858,7.696437835693359
2,21,7.122174923303139,7.723729133605957
2,22,7.103898832755459,7.707295894622803
2,23,7.074752663967906,7.671137809753418
2,24,7.064212518380017,7.666425704956055
2,25,7.045066894185561,7.666775703430176
2,26,7.047291103164086,7.63512659072876
2,27,7.012428522155862,7.631397247314453
2,28,6.994520939604626,7.677278518676758
2,29,6.9817366166246115,7.638444900512695
2,30,6.964101784450052,7.634961128234863
2,31,6.963971535934068,7.611875057220459
2,32,6.955387841051428,7.623941898345947
2,33,6.93302412547425,7.625581741333008
2,34,6.914672245720406,7.587708950042725
2,35,6.891612358632708,7.564218521118164
2,36,6.8836740065714235,7.592632293701172
2,37,6.876391435365876,7.583155155181885
2,38,6.864452593170802,7.6396164894104
2,39,6.878112803383739,7.587225914001465
2,40,6.849762648174705,7.560743808746338
2,41,6.844297656434367,7.5955891609191895
2,42,6.829953074228039,7.585611820220947
2,43,6.810750267758273,7.61494255065918
2,44,6.7934757746836825,7.61208963394165
2,45,6.797308802439777,7.573616027832031
2,46,6.792897598344437,7.543292999267578
2,47,6.778679634033438,7.583528518676758
2,48,6.778513079310908,7.580791473388672
2,49,6.763328916078204,7.557157039642334
2,50,6.74990288089749,7.566962242126465
2,51,6.752092598979796,7.593514919281006
2,52,6.742089331421206,7.559154510498047
2,53,6.730865267667507,7.562768459320068
2,54,6.717280392833155,7.575329780578613
2,55,6.714522028790822,7.577985763549805
2,56,6.701265271298128,7.551621913909912
2,57,6.701359213607566,7.556836128234863
2,58,6.6961161435547405,7.542630195617676
2,59,6.698143391362754,7.550841331481934
2,60,6.68820365966562,7.518347263336182
2,61,6.68161181403961,7.559323310852051
2,62,6.665348448817325,7.517575263977051
2,63,6.65157387405377,7.562683582305908
2,64,6.660748452447946,7.5540242195129395
2,65,6.642256339971318,7.566440582275391
2,66,6.648230980086046,7.516237258911133
2,67,6.647827981193385,7.579014778137207
2,68,6.634416014667708,7.533901214599609
2,69,6.632313431481112,7.54201602935791
2,70,6.623922159493166,7.545273780822754
2,71,6.617808648138399,7.542403697967529
2,72,6.6083549657814,7.5248847007751465
2,73,6.61779639479369,7.537072658538818
2,74,6.583356327264146,7.543722629547119
2,75,6.595238441011491,7.5209784507751465
2,76,6.603223083486122,7.520875930786133
2,77,6.582896146096175,7.571036338806152
2,78,6.581872311071578,7.555333137512207
2,79,6.570011073392997,7.561433792114258
2,80,6.573050810536061,7.588174343109131
2,81,6.575759707371975,7.555487155914307
2,82,6.567837239276054,7.540392875671387
2,83,6.556369923938497,7.548295021057129
2,84,6.553454989380435,7.512947082519531
2,85,6.536299852959863,7.499528408050537
2,86,6.529699838437381,7.517422676086426
2,87,6.527548241871948,7.530294418334961
2,88,6.530255323397535,7.566879749298096
2,89,6.530756802875452,7.575724124908447
2,90,6.524307912937717,7.508906364440918
2,91,6.525019514586019,7.537440299987793
2,92,6.527058108083577,7.519704818725586
2,93,6.51216167153775,7.491501331329346
2,94,6.519184199538911,7.5075364112854
2,95,6.503307949243923,7.515512466430664
2,96,6.504705284368363,7.516221046447754
2,97,6.483938588051627,7.497585296630859
2,98,6.488085210666764,7.492198467254639
2,99,6.480152758364042,7.493812561035156
2,100,6.488065696080745,7.521168231964111
2,101,6.476944651188121,7.504038333892822
2,102,6.477506943562002,7.506717681884766
2,103,6.4714755749995465,7.495323657989502
2,104,6.481581407591627,7.486749649047852
2,105,6.472703632435965,7.583845138549805
2,106,6.468151741790259,7.489565372467041
2,107,6.475685279648556,7.498313903808594
2,108,6.450719770544775,7.515050411224365
2,109,6.441526131392162,7.506965637207031
2,110,6.44603899286583,7.504307746887207
2,111,6.4435061811316645,7.51959228515625
2,112,6.457539437616861,7.481926441192627
2,113,6.4385113547660975,7.484043598175049
2,114,6.445081870495761,7.569077968597412
2,115,6.43285757075172,7.451730728149414
2,116,6.433672645088678,7.473025321960449
2,117,6.425664403579792,7.495609283447266
2,118,6.415033038647957,7.496443748474121
2,119,6.42765806814675,7.489900588989258
2,120,6.415913464156698,7.505059242248535
2,121,6.410512915932979,7.5154876708984375
2,122,6.413429211973787,7.46790885925293
2,123,6.412433514259263,7.507165908813477
2,124,6.411365204131647,7.485483646392822
2,125,6.402589540181894,7.474554538726807
2,126,6.395178081943108,7.458756446838379
2,127,6.403610652241,7.467188835144043
2,128,6.414014195726759,7.476652145385742
2,129,6.402533265561748,7.499460697174072
2,130,6.392163759144625,7.4908127784729
2,131,6.391501624702743,7.4932475090026855
2,132,6.389321436999655,7.477405548095703
2,133,6.379290485958575,7.476609230041504
2,134,6.37446039900521,7.459054946899414
2,135,6.3900879517853575,7.458394527435303
3,1,8.88417049394594,8.392666816711426
3,2,8.251696407500862,8.087526321411133
3,3,8.011939296022655,8.012462615966797
3,4,7.868997222575199,7.954478740692139
3,5,7.7774955978724565,7.843157768249512
3,6,7.697876994572222,7.7699689865112305
3,7,7.608338174160873,7.74730110168457
3,8,7.546833644961606,7.69106388092041
3,9,7.491763483217456,7.695645809173584
3,10,7.446541833826493,7.676372528076172
3,11,7.401431826020659,7.624804973602295
3,12,7.374624684589831,7.628211498260498
3,13,7.322370069163323,7.602801322937012
3,14,7.300315410169368,7.567011833190918
3,15,7.269422912846951,7.582229137420654
3,16,7.2381455697351464,7.593350887298584
3,17,7.207508123513715,7.576992034912109
3,18,7.176556174778078,7.510709285736084
3,19,7.162944070288816,7.528682708740234
3,20,7.12215041661372,7.527564525604248
3,21,7.118510265579901,7.5407538414001465
3,22,7.095482146422931,7.4689860343933105
3,23,7.072831611814039,7.57472038269043
3,24,7.0574332419627135,7.470595359802246
3,25,7.028257120554759,7.455766201019287
3,26,7.022597436781818,7.485782146453857
3,27,6.999200809628406,7.438507080078125
3,28,6.980682375152032,7.446074485778809
3,29,6.9632340661136025,7.534733772277832
3,30,6.9481438451903355,7.461440086364746
3,31,6.945042841323724,7.444546222686768
3,32,6.928523063517709,7.442154407501221
3,33,6.91585945867446,7.414238452911377
3,34,6.8881741608728015,7.44192361831665
3,35,6.8875292718790275,7.455084800720215
3,36,6.871151542106123,7.391439437866211
3,37,6.860637264690399,7.387378215789795
3,38,6.854752482436872,7.383622646331787
3,39,6.8408689890536785,7.455162525177002
3,40,6.82888657941075,7.385538578033447
3,41,6.829334961061593,7.422721862792969
3,42,6.8017817270862455,7.405880928039551
3,43,6.797241182130085,7.374037742614746
3,44,6.785827872274766,7.407956600189209
3,45,6.795139506598653,7.361069202423096
3,46,6.771264091346415,7.432993412017822
3,47,6.7544416105433225,7.386809349060059
3,48,6.762898233703051,7.369560718536377
3,49,6.741683609563055,7.4175639152526855
3,50,6.741860602319966,7.412098407745361
3,51,6.723789641839272,7.376823425292969
3,52,6.712694918946394,7.426865100860596
3,53,6.717491876486285,7.356389999389648
3,54,6.7041575144770995,7.401933670043945
3,55,6.6960698531413945,7.425285816192627
3,56,6.689888267649355,7.3978118896484375
3,57,6.676905622016084,7.405800819396973
3,58,6.676159075643981,7.3521623611450195
3,59,6.679238295786665,7.3458709716796875
3,60,6.664937734855774,7.3440704345703125
3,61,6.666080472706809,7.4446282386779785
3,62,6.658358142574473,7.387098789215088
3,63,6.657962858750704,7.368289470672607
3,64,6.638240873527329,7.367100238800049
3,65,6.648894476010674,7.367429256439209
3,66,6.620164467115654,7.384092330932617
3,67,6.609068836567611,7.3695068359375
3,68,6.606482019351208,7.355875015258789
3,69,6.616878301595658,7.362437725067139
3,70,6.5919654364913685,7.38698148727417
3,71,6.595650062628207,7.366681098937988
3,72,6.603912447582914,7.323117733001709
3,73,6.589416286964257,7.4001688957214355
3,74,6.586325267304446,7.3717827796936035
3,75,6.591931399422731,7.3823442459106445
3,76,6.566255196325812,7.3598313331604
3,77,6.567964310998965,7.374726295471191
3,78,6.560642256793799,7.409684658050537
3,79,6.55212119011745,7.374678134918213
3,80,6.556997567484162,7.378177642822266
3,81,6.558015956577777,7.381216049194336
3,82,6.5484674242561765,7.342899799346924
3,83,6.535720768965454,7.369298458099365
3,84,6.532195436309837,7.389864921569824
3,85,6.539021456968069,7.321684837341309
3,86,6.524780801277979,7.395850658416748
3,87,6.516132209051137,7.374208927154541
3,88,6.522471726541652,7.367522239685059
3,89,6.516709931562801,7.377877235412598
3,90,6.5047129994372535,7.342013359069824
3,91,6.496430192241363,7.351003170013428
3,92,6.517244086626609,7.388265609741211
3,93,6.488371122043313,7.372368335723877
3,94,6.492084339317806,7.351282596588135
3,95,6.4799998184689676,7.372735977172852
3,96,6.487118557917476,7.367501735687256
3,97,6.4849533465245885,7.368278503417969
3,98,6.468854720714506,7.348822593688965
3,99,6.469736507705992,7.375665664672852
3,100,6.46922368253853,7.403395175933838
3,101,6.464040063898923,7.3719162940979
3,102,6.4710389928658305,7.355896949768066
3,103,6.457694646649845,7.374030113220215
3,104,6.462042314883729,7.357961654663086
3,105,6.466312378601122,7.33920955657959
4,1,8.97889883275546,8.479342460632324
4,2,8.278304318623269,8.177806854248047
4,3,8.044521393432207,8.048235893249512
4,4,7.903551654655363,8.008045196533203
4,5,7.791378183600487,7.907846927642822
4,6,7.698287254706192,7.844820499420166
4,7,7.628499464483453,7.797286033630371
4,8,7.571502350826874,7.789567947387695
4,9,7.523552290013978,7.711350440979004
4,10,7.476284785884147,7.692513465881348
4,11,7.415059360647703,7.679042816162109
4,12,7.383336812678127,7.65459680557251
4,13,7.355210394466934,7.6399827003479
4,14,7.314117214587834,7.642982006072998
4,15,7.2801105523989325,7.671638488769531
4,16,7.256522863833572,7.633644104003906
4,17,7.226222157677855,7.600001335144043
4,18,7.209683319113402,7.568697452545166
4,19,7.171519596274983,7.550210952758789
4,20,7.165921179225589,7.560876846313477
4,21,7.139295114999909,7.491618633270264
4,22,7.116379998910814,7.46959924697876
4,23,7.092186904351299,7.517005443572998
4,24,7.077506035906838,7.50205135345459
4,25,7.063594859041153,7.502861976623535
4,26,7.043307858478407,7.564634323120117
4,27,7.012918202116651,7.536684989929199
4,28,7.01502396209632,7.50424861907959
4,29,6.996092998348067,7.4861907958984375
4,30,6.972048759235391,7.467578887939453
4,31,6.9642166028282535,7.510710716247559
4,32,6.956950369415652,7.4775848388671875
4,33,6.953382830794925,7.498696804046631
4,34,6.930646068945486,7.511341094970703
4,35,6.898977072630566,7.463680744171143
4,36,6.898224172672318,7.491405487060547
4,37,6.903430482691016,7.437224864959717
4,38,6.88839517490515,7.4299163818359375
4,39,6.864249732241727,7.450969696044922
4,40,6.854420734474559,7.491806507110596
4,41,6.852833699420916,7.476190090179443
4,42,6.847445404541906,7.441635608673096
4,43,6.834155971463321,7.420925140380859
4,44,6.825891771198286,7.438009738922119
4,45,6.809176847532085,7.445701599121094
4,46,6.812894149254815,7.443456172943115
4,47,6.789356381723455,7.4279398918151855
4,48,6.7874076460870985,7.495333194732666
4,49,6.773323107085156,7.430453300476074
4,50,6.7784250367600345,7.4533820152282715
4,51,6.783246047161763,7.5869293212890625
4,52,6.760099932833518,7.4602437019348145
4,53,6.774627407555322,7.4183173179626465
4,54,6.726921052153866,7.430884838104248
4,55,6.730928349701381,7.460604190826416
4,56,6.714467115653421,7.484967231750488
4,57,6.71278613829034,7.461704730987549
4,58,6.70493083667653,7.431886196136475
4,59,6.703443189863307,7.438724517822266
4,60,6.703230344727431,7.420042991638184
4,61,6.697527093506635,7.412662029266357
4,62,6.697996805053824,7.458634376525879
4,63,6.676996387532449,7.45894718170166
4,64,6.666477571840907,7.422680377960205
4,65,6.659912048214642,7.477145195007324
4,66,6.673321291774829,7.446484088897705
4,67,6.646466044620328,7.396516799926758
4,68,6.656213807250349,7.439568519592285
4,69,6.636571241853795,7.422801971435547
4,70,6.650064443516619,7.410245895385742
4,71,6.6465050737923645,7.436914443969727
4,72,6.63304908599125,7.44215202331543
4,73,6.623082124639207,7.4209675788879395
4,74,6.610970374135459,7.411709308624268
4,75,6.616680432769982,7.434933185577393
4,76,6.615367509575762,7.429923057556152
4,77,6.619914408118068,7.5026631355285645
4,78,6.61191796612631,7.442248344421387
4,79,6.5966675440666585,7.402736663818359
4,80,6.598225987982645,7.434469699859619
4,81,6.589205257138708,7.427206516265869
4,82,6.576651932397843,7.422396183013916
4,83,6.5805335197051935,7.428122043609619
4,84,6.5718041461687875,7.4104390144348145
4,85,6.580851199012471,7.425153732299805
4,86,6.567263601212627,7.424036026000977
4,87,6.56626472670503,7.454485893249512
5,1,8.949078730008894,8.432589530944824
5,2,8.2643327826892,8.105420112609863
5,3,8.03106722094142,8.020513534545898
5,4,7.892851307931091,7.96103572845459
5,5,7.7998565904841435,7.902347087860107
5,6,7.713848094831811,7.803936004638672
5,7,7.6360720315137876,7.8158793449401855
5,8,7.580944233666745,7.740215301513672
5,9,7.524854775173816,7.793358325958252
5,10,7.471873127961225,7.713916301727295
5,11,7.4315146949371,7.718029499053955
5,12,7.39800088950206,7.670284748077393
5,13,7.350922631473851,7.652301788330078
5,14,7.317035325938969,7.618916988372803
5,15,7.2761277615408355,7.622122764587402
5,16,7.2478143663659305,7.602473258972168
5,17,7.227626754043603,7.632432460784912
5,18,7.219186014849239,7.641190528869629
5,19,7.171410223827763,7.581131458282471
5,20,7.127086699221232,7.572542190551758
5,21,7.131836004865032,7.568032264709473
5,22,7.099407755005719,7.572017192840576
5,23,7.073404342222303,7.6280436515808105
5,24,7.051181313195491,7.640139579772949
5,25,7.027152958048179,7.567354202270508
5,26,7.014339136275346,7.549572467803955
5,27,6.998216003775846,7.620671272277832
5,28,6.993758055439577,7.569684028625488
5,29,6.952147512117197,7.513673782348633
5,30,6.951137745747635,7.520819187164307
5,31,6.944717900775138,7.52610969543457
5,32,6.92016628242598,7.529142379760742
5,33,6.909980576179498,7.548609256744385
5,34,6.896079837348195,7.537042140960693
5,35,6.888879862762539,7.58048677444458
5,36,6.876458601847986,7.533230781555176
5,37,6.859880280283915,7.514969348907471
5,38,6.832858478406884,7.535574436187744
5,39,6.8328226260279195,7.539123058319092
5,40,6.821163795450833,7.531642436981201
5,41,6.800171092998348,7.515441417694092
5,42,6.796967070270663,7.51323938369751
5,43,6.792254978488573,7.508147716522217
5,44,6.769712001016574,7.503798961639404
5,45,6.767201880661499,7.560001373291016
5,46,6.7534509049321985,7.521951198577881
5,47,6.755471345326484,7.496225833892822
5,48,6.744042605333382,7.518314361572266
5,49,6.74026267540436,7.516955852508545
5,50,6.7339807940167375,7.484525680541992
5,51,6.715925263673825,7.513607025146484
5,52,6.716604189736236,7.537863731384277
5,53,6.701007497231652,7.464507102966309
5,54,6.704669885816981,7.52849006652832
5,55,6.666940022146786,7.552791595458984
5,56,6.6800715232268955,7.496278762817383
5,57,6.654937644090257,7.5497236251831055
5,58,6.6676901991395425,7.49232292175293
5,59,6.652772886524952,7.480040073394775
5,60,6.655670121807323,7.533527851104736
5,61,6.642494145624195,7.483983039855957
5,62,6.6444310817434244,7.473788738250732
5,63,6.63510810172999,7.498669624328613
5,64,6.615156025922632,7.472235202789307
5,65,6.608240147403198,7.507298946380615
5,66,6.614859222684117,7.48939847946167
5,67,6.610543322380961,7.457763671875
5,68,6.5986308021856335,7.459320545196533
5,69,6.592824985931345,7.470222473144531
5,70,6.596623522791221,7.488574028015137
5,71,6.58874825276381,7.468376636505127
5,72,6.562760723945758,7.502776145935059
5,73,6.568490750993883,7.483522415161133
5,74,6.577376695046018,7.453827857971191
5,75,6.565116542923013,7.429440498352051
5,76,6.53701009312542,7.4508233070373535
5,77,6.551715014431717,7.445649147033691
5,78,6.545383665837675,7.452106475830078
5,79,6.548422949153157,7.513242244720459
5,80,6.527345380942872,7.485183238983154
5,81,6.5339426724998635,7.459273815155029
5,82,6.543046907618858,7.482996940612793
5,83,6.528515802276399,7.449058532714844
5,84,6.52108619093434,7.474678039550781
5,85,6.519359376985496,7.563193321228027
5,86,6.5124217147421355,7.514714241027832
5,87,6.511852614954527,7.4693522453308105
5,88,6.506192023526422,7.4617228507995605
5,89,6.512915479151161,7.522685527801514
5,90,6.500443389547443,7.461235523223877
5,91,6.505116905985078,7.475350379943848
5,92,6.493957285747999,7.501507759094238
5,93,6.510451649209433,7.548250198364258
5,94,6.4913722838419226,7.479091644287109
5,95,6.475396645306515,7.449049472808838
6,1,8.940308965817707,8.360560417175293
6,2,8.249296567248171,8.089695930480957
6,3,8.029001397788951,7.934386253356934
6,4,7.890012162579193,7.83090353012085
6,5,7.7815128796267725,7.833979606628418
6,6,7.718378201753589,7.729082107543945
6,7,7.640438760506108,7.730704307556152
6,8,7.582297093688166,7.685617923736572
6,9,7.534251729083087,7.618847846984863
6,10,7.478500372138617,7.635656356811523
6,11,7.435952221032186,7.60569429397583
6,12,7.390266306025015,7.561542987823486
6,13,7.3709718263837205,7.5525431632995605
6,14,7.324014286492276,7.536424160003662
6,15,7.292991540653874,7.5124616622924805
6,16,7.262405830776771,7.530367851257324
6,17,7.246265452829161,7.49261474609375
6,18,7.210152123005428,7.499319076538086
6,19,7.196960716684517,7.530037879943848
6,20,7.168362317788226,7.468564987182617
6,21,7.136540835405812,7.44406795501709
6,22,7.11573011781364,7.424825668334961
6,23,7.108769764191188,7.452668190002441
6,24,7.078240328934231,7.412084579467773
6,25,7.067017172835696,7.452247142791748
6,26,7.033826038811335,7.448925018310547
6,27,7.023726105977817,7.402355194091797
6,28,7.027079437979923,7.436467170715332
6,29,6.9829637664058675,7.366860866546631
6,30,6.9861228602029515,7.395047664642334
6,31,6.967492784141449,7.384215354919434
6,32,6.964817924374172,7.416044235229492
6,33,6.936862145333745,7.383507251739502
6,34,6.9124589286038445,7.357512950897217
6,35,6.891533846461052,7.389975547790527
6,36,6.904248279993465,7.373074054718018
6,37,6.889341405413256,7.403714179992676
6,38,6.869187376331984,7.354237079620361
6,39,6.873979341768475,7.361455917358398
6,40,6.860657233103999,7.378716468811035
6,41,6.8574940548586785,7.3645429611206055
6,42,6.8368167625755625,7.363471031188965
6,43,6.826430918365495,7.373916149139404
6,44,6.80612440321673,7.313937664031982
6,45,6.7984855773594495,7.338377952575684
6,46,6.790428322471726,7.309627532958984
6,47,6.7829419826819395,7.382617950439453
6,48,6.785153030660592,7.348978519439697
6,49,6.770514822008822,7.328118801116943
6,50,6.771525042205965,7.353246688842773
6,51,6.757740937063191,7.308491230010986
6,52,6.744230943779839,7.315277576446533
6,53,6.73177337665874,7.333946228027344
6,54,6.739591918238423,7.303737163543701
6,55,6.733525151124585,7.301999568939209
6,56,6.716840180078784,7.321051597595215
6,57,6.714837892787772,7.263067245483398
6,58,6.706326810318224,7.293770790100098
6,59,6.700185615480966,7.343258380889893
6,60,6.686138744168316,7.285653114318848
6,61,6.670717682937898,7.410216331481934
6,62,6.670291538838565,7.358288288116455
6,63,6.661244032167299,7.315098762512207
6,64,6.671860420788934,7.317584037780762
6,65,6.638622088696063,7.286062240600586
6,66,6.661431462958593,7.308037757873535
6,67,6.646304028173616,7.3057026863098145
6,68,6.64371630330205,7.303802490234375
6,69,6.624239838800443,7.285258769989014
6,70,6.626978234429176,7.2725629806518555
6,71,6.625335832410551,7.306344509124756
6,72,6.629876377366711,7.259799003601074
6,73,6.60526394612159,7.272905349731445
6,74,6.593257483616824,7.25979471206665
6,75,6.60156661281246,7.334385395050049
6,76,6.586451431372193,7.301666259765625
6,77,6.589771633960826,7.256267070770264
6,78,6.583883674914227,7.2598395347595215
6,79,6.5750953037921835,7.273442268371582
6,80,6.570983172073266,7.256717205047607
6,81,6.579914045056002,7.235493183135986
6,82,6.56479523299508,7.233577251434326
6,83,6.549023363043912,7.243321895599365
6,84,6.552073538221359,7.329154968261719
6,85,6.557733675821882,7.266912937164307
6,86,6.560580990070252,7.24551248550415
6,87,6.540143772577922,7.2398200035095215
6,88,6.537390400638989,7.286574363708496
6,89,6.526663278087389,7.259477615356445
6,90,6.521697496687058,7.265398979187012
6,91,6.5173834116942295,7.266451835632324
6,92,6.511033456169332,7.23313570022583
6,93,6.518095467170113,7.2386980056762695
6,94,6.517023526421842,7.279317378997803
6,95,6.505006625882695,7.24345588684082
6,96,6.501533483398987,7.238214492797852
6,97,6.498549113220905,7.28769063949585
6,98,6.494938914807486,7.252973556518555
6,99,6.490239984025269,7.265349388122559
6,100,6.487771161980141,7.243135452270508
6,101,6.477708896835914,7.2927470207214355
6,102,6.474808938588052,7.240147590637207
6,103,6.4801223519160605,7.241250038146973
6,104,6.488523154283225,7.258388042449951
6,105,6.469908508359504,7.265681266784668
6,106,6.459686042078894,7.210752964019775
6,107,6.459139633670376,7.2297210693359375
6,108,6.454512861473669,7.234736442565918
6,109,6.454121662098136,7.244744300842285
6,110,6.472082342476447,7.2251691818237305
6,111,6.428449997277035,7.245141983032227
6,112,6.440340279920853,7.23630952835083
6,113,6.440295350990252,7.267476558685303
6,114,6.446803692341206,7.230020523071289
6,115,6.434696480113275,7.207043170928955
6,116,6.423454717083885,7.228518009185791
6,117,6.436983771125674,7.203762531280518
6,118,6.438340715595331,7.232503414154053
6,119,6.434001670085501,7.263288974761963
6,120,6.4244100241436275,7.214674472808838
6,121,6.407411912066368,7.239583492279053
6,122,6.407282571205547,7.244563102722168
6,123,6.396069399313813,7.225794315338135
6,124,6.408481583676729,7.237948894500732
6,125,6.402172926461779,7.203354358673096
6,126,6.401376912883258,7.225439548492432
6,127,6.384062936809047,7.275745391845703
6,128,6.400438851271625,7.223508358001709
6,129,6.402738395628733,7.223005294799805
6,130,6.386288053442736,7.208323955535889
6,131,6.380528981429375,7.188967227935791
6,132,6.3904963966090005,7.201131820678711
6,133,6.378252128451359,7.235190391540527
6,134,6.364541997204422,7.214135646820068
6,135,6.377879082179098,7.213286399841309
6,136,6.379059941547007,7.190436840057373
6,137,6.360261949280229,7.218217849731445
6,138,6.367405195418157,7.215912818908691
6,139,6.3651501261640675,7.259854316711426
6,140,6.369896708842377,7.254939556121826
6,141,6.3630443661844,7.240704536437988
6,142,6.377570025595876,7.217657089233398
6,143,6.350631274166319,7.2316060066223145
6,144,6.353263927968486,7.213669300079346
6,145,6.349439522936446,7.22104549407959
6,146,6.3493532956959,7.207282543182373
6,147,6.347608328643782,7.230924129486084
6,148,6.343753517163759,7.252236366271973
6,149,6.338186868045092,7.240905284881592
6,150,6.3381192477354,7.202495098114014
6,151,6.340458275092127,7.209036827087402
7,1,8.90902844591283,8.455808639526367
7,2,8.223141576052425,8.2293701171875
7,3,8.002239185288724,8.057612419128418
7,4,7.859162778877049,7.977794170379639
7,5,7.745289269700655,7.909867286682129
7,6,7.671815491858333,7.906924247741699
7,7,7.591697678218091,7.788033485412598
7,8,7.546473759689219,7.799681186676025
7,9,7.497991359122842,7.763673305511475
7,10,7.439323252309983,7.7406392097473145
7,11,7.402208778840743,7.68970251083374
7,12,7.346897634650643,7.675182342529297
7,13,7.316747599252092,7.653443813323975
7,14,7.298111169604444,7.6567301750183105
7,15,7.255238985604589,7.582078456878662
7,16,7.227123005427778,7.579301834106445
7,17,7.2104688946575415,7.62202787399292
7,18,7.1704603626990036,7.587438106536865
7,19,7.14013333454354,7.5476226806640625
7,20,7.130468168533411,7.558684349060059
7,21,7.108076769473741,7.605988025665283
7,22,7.073976618802984,7.529452800750732
7,23,7.056743877865921,7.515135288238525
7,24,7.042358905004811,7.501419544219971
7,25,7.024143173525514,7.491351127624512
7,26,6.993041007860294,7.488245487213135
7,27,6.995532975112096,7.516374111175537
7,28,6.974178572076896,7.462095737457275
7,29,6.959890264490714,7.454679012298584
7,30,6.9291071396155175,7.459237575531006
7,31,6.932758636338882,7.448143482208252
7,32,6.912220215295805,7.481873989105225
7,33,6.897777606331802,7.428355693817139
7,34,6.890706972606967,7.440340995788574
7,35,6.867472815727849,7.397195816040039
7,36,6.862006916332347,7.415839672088623
7,37,6.842467369796867,7.4522786140441895
7,38,6.832155045655055,7.408167839050293
7,39,6.836064316444896,7.490661144256592
7,40,6.821913518616007,7.431262969970703
7,41,6.802897235282371,7.423891544342041
7,42,6.790215477335851,7.417792320251465
7,43,6.7772491694955255,7.4533915519714355
7,44,6.773039464846516,7.4330854415893555
7,45,6.75692767803656,7.412459850311279
7,46,6.757060195690453,7.4849443435668945
7,47,6.7443775300887685,7.425947666168213
7,48,6.730700528255305,7.454120635986328
7,49,6.721794161961987,7.444607257843018
7,50,6.716810227458384,7.394035816192627
7,51,6.70503793998584,7.4095964431762695
7,52,6.707087879172945,7.414253234863281
7,53,6.688943398623994,7.390547275543213
7,54,6.6833976255740914,7.381117820739746
7,55,6.6680473614464395,7.408733367919922
7,56,6.676194474195364,7.4025068283081055
7,57,6.6650520994063935,7.4090399742126465
7,58,6.659572131355855,7.401660442352295
7,59,6.650448835478425,7.388041019439697
7,60,6.632453664203895,7.406697750091553
7,61,6.647815274021094,7.402738571166992
7,62,6.626059687403561,7.3899126052856445
7,63,6.6320415887595985,7.395364284515381
7,64,6.611351589304191,7.422133445739746
7,65,6.620808448454263,7.409872531890869
7,66,6.596435184344764,7.412599086761475
7,67,6.593723110715777,7.4173502922058105
7,68,6.5934408299598815,7.384392261505127
7,69,6.583968086844446,7.416993618011475
7,70,6.581649481728902,7.398866653442383
7,71,6.577137527910396,7.4062418937683105
7,72,6.565733294606713,7.414836883544922
7,73,6.569852233739358,7.407934665679932
7,74,6.556205638353877,7.3947319984436035
8,1,9.033318205747273,8.31932544708252
8,2,8.297964129467932,8.081806182861328
8,3,8.069931199738596,7.901689052581787
8,4,7.918381832374244,7.8136820793151855
8,5,7.8200791475302704,7.786558628082275
8,6,7.733692159674696,7.717147350311279
8,7,7.661913881678073,7.6713032722473145
8,8,7.585851017481438,7.658004283905029
8,9,7.541479840978815,7.611800670623779
8,10,7.48924065569009,7.570632457733154
8,11,7.4432779058580065,7.543197154998779
8,12,7.410269210521538,7.512601375579834
8,13,7.363075226459963,7.536701679229736
8,14,7.335962205238985,7.456829071044922
8,15,7.305236262639098,7.549034118652344
8,16,7.25817071178318,7.470815658569336
8,17,7.2461637954508324,7.442294597625732
8,18,7.219398859985114,7.456273555755615
8,19,7.193969539092708,7.427576541900635
8,20,7.164169858587326,7.427980899810791
8,21,7.142700637173925,7.404125690460205
8,22,7.125492856753862,7.4297895431518555
8,23,7.102333127598163,7.395277500152588
8,24,7.099467206418938,7.359453201293945
8,25,7.064626862962223,7.405148506164551
8,26,7.053172254796958,7.396968841552734
8,27,7.043307858478407,7.377592086791992
8,28,7.012489788879409,7.385705471038818
8,29,7.002878174523935,7.360513210296631
8,30,6.9922241182130085,7.356125354766846
8,31,6.980603409152795,7.4214091300964355
8,32,6.959070651877939,7.354358673095703
8,33,6.951120500299526,7.328073978424072
8,34,6.938396536387896,7.324707984924316
8,35,6.931536932488609,7.382170677185059
8,36,6.916561076115962,7.365561008453369
8,37,6.88981520140868,7.403354644775391
8,38,6.884803129595004,7.359636306762695
8,39,6.872945522537078,7.325190544128418
8,40,6.869535008259662,7.308825969696045
8,41,6.8479972588814055,7.342740058898926
8,42,6.8508155281645395,7.308115005493164
8,43,6.8390627552780145,7.327639579772949
8,44,6.819044420643709,7.330655097961426
8,45,6.816710839217964,7.275267601013184
8,46,6.805673298600396,7.284285545349121
8,47,6.806481111696044,7.2819952964782715
8,48,6.786135113547661,7.296694278717041
8,49,6.779021820030134,7.26925802230835
8,50,6.7717333490660225,7.294674873352051
8,51,6.76939522936446,7.303298473358154
8,52,6.761375642166028,7.269951343536377
8,53,6.745294715631637,7.261560440063477
8,54,6.731742970210758,7.30892276763916
8,55,6.731455697351462,7.263996601104736
8,56,6.72660382667417,7.338741302490234
8,57,6.711823116161708,7.259858131408691
8,58,6.713897108210649,7.291903495788574
8,59,6.70246428376931,7.256038188934326
8,60,6.692372519832265,7.279604911804199
8,61,6.700604498338991,7.255027770996094
8,62,6.677513750975729,7.2408857345581055
8,63,6.6808108083576885,7.244100570678711
8,64,6.687291012398569,7.2735090255737305
8,65,6.657880262130811,7.240028381347656
8,66,6.663454626318369,7.26381778717041
8,67,6.643936409679235,7.245814323425293
8,68,6.659158694428813,7.265647888183594
8,69,6.6403475411621615,7.253740310668945
8,70,6.650036306206546,7.251280307769775
8,71,6.628323379381706,7.237399101257324
8,72,6.625751992303084,7.230498790740967
8,73,6.620619656180224,7.269461154937744
8,74,6.6109590284459125,7.29854154586792
8,75,6.612421714742135,7.221312046051025
8,76,6.595385481148003,7.2367329597473145
8,77,6.608944941637773,7.203075408935547
8,78,6.608492021711111,7.202826976776123
8,79,6.587243360502478,7.256097316741943
8,80,6.5960671301759035,7.232499599456787
8,81,6.582672862925917,7.252196311950684
8,82,6.59355973278632,7.22828483581543
8,83,6.572574745402727,7.225558280944824
8,84,6.568325557754098,7.252155780792236
8,85,6.567084339317806,7.261857509613037
8,86,6.565266759852597,7.21640682220459
8,87,6.5572181276889285,7.257812023162842
8,88,6.54339317806379,7.242289066314697
8,89,6.540338918438107,7.223015308380127
8,90,6.54478824405032,7.2173848152160645
8,91,6.535946321273622,7.223559379577637
8,92,6.536318006063136,7.260804653167725
8,93,6.532077441138562,7.206739902496338
8,94,6.527018171256376,7.2653632164001465
8,95,6.523854085355891,7.233537197113037
8,96,6.509089258808793,7.20741081237793
8,97,6.517389311452793,7.2080583572387695
8,98,6.50923266832465,7.237060070037842
9,1,8.926197650988437,8.5132474899292
9,2,8.249846606277343,8.222943305969238
9,3,8.04300016337793,8.078790664672852
9,4,7.898122061466408,8.00776195526123
9,5,7.804912229745675,7.910871505737305
9,6,7.711393795269301,7.836207866668701
9,7,7.646117958865068,7.822836875915527
9,8,7.5810595058725285,7.831584930419922
9,9,7.533972625120264,7.779717445373535
9,10,7.4783310944505965,7.8308916091918945
9,11,7.439372719516402,7.7347025871276855
9,12,7.380166827019079,7.703615188598633
9,13,7.357887977199702,7.716254711151123
9,14,7.323335814257447,7.647045612335205
9,15,7.274503058797902,7.666745662689209
9,16,7.254964873745167,7.654027938842773
9,17,7.2215105197233465,7.622087001800537
9,18,7.1873736090184615,7.62952995300293
9,19,7.1765402908127145,7.611649513244629
9,20,7.143395447201699,7.589722633361816
9,21,7.120920997694556,7.571086883544922
9,22,7.101768112258791,7.589095592498779
9,23,7.077521919872202,7.583525657653809
9,24,7.0690140141957265,7.6087646484375
9,25,7.039855592063463,7.575186729431152
9,26,7.011389256993483,7.570886611938477
9,27,7.003296149726796,7.520392894744873
9,28,6.975806451612903,7.53817081451416
9,29,6.9647557499954615,7.51449728012085
9,30,6.941707208597309,7.557058334350586
9,31,6.9500099842068,7.509494781494141
9,32,6.926239403125964,7.546220779418945
9,33,6.905683282807196,7.516017436981201
9,34,6.889782525822789,7.498961925506592
9,35,6.884077913119247,7.498696327209473
9,36,6.864232486793617,7.5424394607543945
9,37,6.8452257338392,7.468514442443848
9,38,6.831730716866049,7.475490093231201
9,39,6.830967832701,7.443902492523193
9,40,6.804511499990923,7.5053791999816895
9,41,6.824705919726977,7.54907751083374
9,42,6.803788098825494,7.464317321777344
9,43,6.777800570007443,7.452821254730225
9,44,6.790337556955362,7.473626136779785
9,45,6.755358796086191,7.432560920715332
9,46,6.7651192658885035,7.429065704345703
9,47,6.762235645433587,7.455599308013916
9,48,6.735861001688239,7.447129726409912
9,49,6.737600068981792,7.423175811767578
9,50,6.71801287055022,7.478884220123291
9,51,6.711301668270191,7.481364727020264
9,52,6.702926734075191,7.4584059715271
9,53,6.698039464846516,7.4529948234558105
9,54,6.693130865721495,7.441259860992432
9,55,6.673727467460562,7.4490251541137695
9,56,6.681596383901828,7.419891357421875
9,57,6.664835169822281,7.471495628356934
9,58,6.656211084284858,7.4207377433776855
9,59,6.68363588505455,7.445725917816162
9,60,6.634399676874762,7.427647113800049
9,61,6.632157768620545,7.444250583648682
9,62,6.617905767240909,7.419916152954102
9,63,6.62723782380598,7.4130754470825195
9,64,6.595083685806088,7.393522262573242
9,65,6.612719425635812,7.409235000610352
9,66,6.597900139778895,7.420205116271973
9,67,6.607152322689564,7.416287422180176
9,68,6.599784885726215,7.428649425506592
9,69,6.5884210430773145,7.41819429397583
9,70,6.58054758836023,7.435535907745361
9,71,6.573819140632091,7.430022239685059
9,72,6.571467406103073,7.413980960845947
9,73,6.562728048359867,7.40733528137207
9,74,6.556240129250095,7.41091251373291
9,75,6.545694083903643,7.418966770172119
9,76,6.545265216838819,7.414467811584473
9,77,6.538219543630984,7.456610679626465
9,78,6.532902953509902,7.505479335784912
9,79,6.539350481964892,7.4086809158325195
9,80,6.5219284949262075,7.400553226470947
9,81,6.524423638971082,7.385770797729492
9,82,6.506667634832175,7.383547782897949
9,83,6.515692903951931,7.39495325088501
9,84,6.510875977998439,7.401342868804932
9,85,6.494748761050702,7.416752338409424
9,86,6.503286619347578,7.403339862823486
9,87,6.490810899123205,7.406827926635742
9,88,6.487434875742008,7.398590564727783
9,89,6.483192495507107,7.419741153717041
9,90,6.4826429103055165,7.412228584289551
9,91,6.48041325539601,7.437141418457031
9,92,6.478911086100169,7.469566822052002
9,93,6.46187848312669,7.410704135894775
9,94,6.472104126200374,7.410599708557129
9,95,6.459685588251312,7.418129920959473
9,96,6.461034817652077,7.405176639556885
9,97,6.4652123005427775,7.423997402191162
9,98,6.4624816199829365,7.400784492492676
9,99,6.44274919672518,7.429049491882324
9,100,6.4367482346107066,7.403040409088135
9,101,6.448841378183601,7.368112087249756
9,102,6.428103726832102,7.432009220123291
9,103,6.42670321491459,7.403156757354736
9,104,6.424590193693612,7.407199382781982
9,105,6.41473805071977,7.399474143981934
9,106,6.437334126018843,7.4087419509887695
9,107,6.426145914644108,7.408608436584473
9,108,6.408651769019914,7.414909362792969
9,109,6.407378328825312,7.417318344116211
9,110,6.397346470129069,7.411159038543701
9,111,6.401460870985895,7.4194135665893555
9,112,6.400608582787227,7.401803016662598
9,113,6.392700183346343,7.362249374389648
9,114,6.395257501769928,7.407057285308838
9,115,6.390225007715069,7.398883819580078
9,116,6.386358850545501,7.395594596862793
9,117,6.384529471563163,7.460840225219727
9,118,6.38288480040663,7.402149200439453
9,119,6.389940911648846,7.424842834472656
9,120,6.378046998384374,7.40391731262207
9,121,6.374615154210613,7.445803642272949
9,122,6.371703396445622,7.408378601074219
9,123,6.368744440612122,7.41972017288208
9,124,6.366596928494927,7.394326686859131
9,125,6.360901846170603,7.405800819396973
9,126,6.362950877702543,7.38588809967041
9,127,6.367597164485269,7.367533206939697
9,128,6.344434258536497,7.437363147735596
9,129,6.342333944487811,7.415042877197266
9,130,6.340806360847387,7.412327766418457
9,131,6.353480857552599,7.4222564697265625
9,132,6.353139579211066,7.404150009155273
9,133,6.357856663096556,7.398317337036133
