model,condition,n,r2_probe,r2_behav,beta2_probe,beta2_probe_lo,beta2_probe_hi,beta2_behav,beta2_behav_lo,beta2_behav_hi
EleutherAI_pythia-160m,attn_zeroed,48950,0.27620061121501677,0.06990754952858409,0.018783320380349966,0.003978295930964566,0.03358834482973537,0.007836962129508157,-0.009509035512930222,0.025182959771946536
EleutherAI_pythia-160m,default,48950,0.3152272388329347,0.09375199086688346,0.03791698428679234,0.022284845067572834,0.05354912350601185,0.051160633940544806,0.0325905336221287,0.06973073425896091
EleutherAI_pythia-160m_step1000,attn_zeroed,48950,0.39402694961487245,0.10060000163962063,0.0157330365472369,0.001532777639443074,0.029933295455030727,-0.014355392864116773,-0.03320384898513547,0.004493063256901918
EleutherAI_pythia-160m_step1000,default,48950,0.41551633413139233,0.09039896055406797,0.039083555514965757,0.024507219729681486,0.05365989130025003,0.002835223254575664,-0.01711275509395019,0.02278320160310152
EleutherAI_pythia-160m_step16,attn_zeroed,48950,0.3055565038227736,0.04478995315493637,0.001761509805014605,-0.015517821267655375,0.019040840877684585,-0.03915992242214117,-0.06176851804870841,-0.016551326795573928
EleutherAI_pythia-160m_step16,default,48950,0.2718370625014726,0.044622937275406706,-0.0036175223134692625,-0.02140020706902516,0.014165162442086637,-0.03938109762926004,-0.062005117393796,-0.016757077864724072
EleutherAI_pythia-160m_step256,attn_zeroed,48950,0.4277050109974873,0.06217544093332193,0.009423678399899344,-0.0023484739413080977,0.021195830741106786,-0.018380779205847898,-0.03586016344785484,-0.0009013949638409582
EleutherAI_pythia-160m_step256,default,48950,0.47283565412585227,0.061716670494791,0.005262719240676426,-0.005727572029887303,0.016253010511240153,-0.017644600576041607,-0.03497090835504969,-0.00031829279703351684
EleutherAI_pythia-160m_step32,attn_zeroed,48950,0.3567412361126662,0.04015500791823102,-0.0014743726943589955,-0.0175930320853453,0.014644286696627307,-0.03918481813631755,-0.06148951958713978,-0.01688011668549532
EleutherAI_pythia-160m_step32,default,48950,0.3144089897830118,0.040075865897764115,0.002403883618178889,-0.014558167718051178,0.019365934954408956,-0.03875626093037479,-0.06106342623032848,-0.0164490956304211
EleutherAI_pythia-160m_step512,attn_zeroed,48950,0.4350969780621456,0.08283069741663208,0.014902578757822284,0.0026442900473639362,0.02716086746828063,-0.01827284402934471,-0.03620598880623947,-0.00033969925244995217
EleutherAI_pythia-160m_step512,default,48950,0.4631380744425626,0.09314774036339853,0.013504010096295024,0.0012145617708584824,0.025793458421731565,-0.01120877983227797,-0.02935812651755966,0.0069405668530037185
EleutherAI_pythia-160m_step64,attn_zeroed,48950,0.33311682645295426,0.05244534381236796,-0.010325367499461238,-0.025854458146580765,0.005203723147658289,-0.03228518471238365,-0.05306671010121962,-0.011503659323547674
EleutherAI_pythia-160m_step64,default,48950,0.3044183355722476,0.05232300805824675,-0.0032456115864890507,-0.019421761853019928,0.012930538680041827,-0.03203598718052564,-0.05280964612185237,-0.011262328239198906
EleutherAI_pythia-1b,attn_zeroed,48950,0.34885507307442604,0.07091350595114701,0.013198835188554386,-0.0023985532460385293,0.0287962236231473,0.014300552664204186,-0.004778098038624747,0.03337920336703312
EleutherAI_pythia-1b,default,48950,0.4151467963472684,0.1259980529061282,0.04201322975526143,0.02616006399070297,0.05786639551981989,0.06587875725458314,0.04573861908879444,0.08601889542037185
EleutherAI_pythia-1b_step1000,attn_zeroed,48950,0.4485506527067041,0.10377427360999923,0.013619015507426016,0.001077449610558676,0.026160581404293358,-0.009204396952678093,-0.026731090009017616,0.00832229610366143
EleutherAI_pythia-1b_step1000,default,48950,0.4703801168511523,0.11190436341929937,0.043942475814170184,0.030776508097578474,0.057108443530761895,0.01249385060396846,-0.006206323772396969,0.031194024980333888
EleutherAI_pythia-1b_step16,attn_zeroed,48950,0.4772752285674351,0.04164989246928639,-0.00301804076281105,-0.017506779232420173,0.011470697706798072,-0.04610537285038076,-0.06870746390076006,-0.023503281800001455
EleutherAI_pythia-1b_step16,default,48950,0.3683684984697181,0.0417949057893778,-0.009255922868051644,-0.025419565353658788,0.0069077196175554995,-0.04584523682015111,-0.06843985095036981,-0.023250622689932415
EleutherAI_pythia-1b_step256,attn_zeroed,48950,0.5350571741485244,0.06147991471577717,0.007525034625372492,-0.0041310982316035425,0.019181167482348528,-0.027628787854616026,-0.047225296157084484,-0.008032279552147567
EleutherAI_pythia-1b_step256,default,48950,0.6068125012555603,0.06448009074687673,0.006641204524354877,-0.0038208604677232236,0.017103269516432977,-0.025582062118231087,-0.04512840638842464,-0.006035717848037532
EleutherAI_pythia-1b_step32,attn_zeroed,48950,0.49663591770212506,0.04115945565655847,-0.008351832910844834,-0.022274236785222383,0.005570570963532716,-0.045934795641955246,-0.06813119813965879,-0.023738393144251704
EleutherAI_pythia-1b_step32,default,48950,0.38488254153963947,0.04118459928528972,-0.010880435952648308,-0.026488029443628942,0.0047271575383323276,-0.04552083736544891,-0.06769262074615254,-0.023349053984745287
EleutherAI_pythia-1b_step512,attn_zeroed,48950,0.4307707756908582,0.09053511548676997,0.018210686135543018,0.0068172598120758675,0.02960411245901017,-0.01658571048614086,-0.032789105514447005,-0.0003823154578347157
EleutherAI_pythia-1b_step512,default,48950,0.4748196493126499,0.09545522026239757,0.02028689372701422,0.008951304855713035,0.031622482598315405,-0.014499506574518532,-0.031131503826022505,0.0021324906769854407
EleutherAI_pythia-1b_step64,attn_zeroed,48950,0.3916487743926108,0.05822723735858318,0.0014656695725494204,-0.013431646806774852,0.016362985951873694,-0.039455554515076686,-0.060049488098254444,-0.018861620931898932
EleutherAI_pythia-1b_step64,default,48950,0.3813436838098049,0.057696763434130986,-0.0023960587372367052,-0.01731008646613074,0.01251796899165733,-0.03875089767676284,-0.05924898380803671,-0.01825281154548897
EleutherAI_pythia-2.8b,attn_zeroed,48950,0.36934518718415327,0.06867164738438113,0.01980429774249841,0.004487784050155909,0.03512081143484091,0.0207528480597807,0.0015916819624274443,0.039914014157133956
EleutherAI_pythia-2.8b,default,48950,0.44592586049703237,0.12618214380207535,0.019030416352176414,0.0032081603370598226,0.034852672367293,0.07519053320844682,0.05446501865348319,0.09591604776341045
EleutherAI_pythia-2.8b_step1000,attn_zeroed,48950,0.36746906904488513,0.06867738188868537,0.020660399500550708,0.005303212796947711,0.036017586204153705,0.02051560245765216,0.0013540214548652361,0.03967718346043908
EleutherAI_pythia-2.8b_step1000,default,48950,0.44433424644557484,0.12610080267915358,0.017642923227435194,0.0018169555091231242,0.03346889094574726,0.07503948700476144,0.05431275788304295,0.09576621612647994
EleutherAI_pythia-2.8b_step16,attn_zeroed,48950,0.36746906904488513,0.06867738188868537,0.020660399500550708,0.005303212796947711,0.036017586204153705,0.02051560245765216,0.0013540214548652361,0.03967718346043908
EleutherAI_pythia-2.8b_step16,default,48950,0.44433424644557484,0.12610080267915358,0.017642923227435194,0.0018169555091231242,0.03346889094574726,0.07503948700476144,0.05431275788304295,0.09576621612647994
EleutherAI_pythia-2.8b_step256,attn_zeroed,48950,0.36746906904488513,0.06867738188868537,0.020660399500550708,0.005303212796947711,0.036017586204153705,0.02051560245765216,0.0013540214548652361,0.03967718346043908
EleutherAI_pythia-2.8b_step256,default,48950,0.44433424644557484,0.12610080267915358,0.017642923227435194,0.0018169555091231242,0.03346889094574726,0.07503948700476144,0.05431275788304295,0.09576621612647994
EleutherAI_pythia-2.8b_step32,attn_zeroed,48950,0.36746906904488513,0.06867738188868537,0.020660399500550708,0.005303212796947711,0.036017586204153705,0.02051560245765216,0.0013540214548652361,0.03967718346043908
EleutherAI_pythia-2.8b_step32,default,48950,0.44433424644557484,0.12610080267915358,0.017642923227435194,0.0018169555091231242,0.03346889094574726,0.07503948700476144,0.05431275788304295,0.09576621612647994
EleutherAI_pythia-2.8b_step512,attn_zeroed,48950,0.36746906904488513,0.06867738188868537,0.020660399500550708,0.005303212796947711,0.036017586204153705,0.02051560245765216,0.0013540214548652361,0.03967718346043908
EleutherAI_pythia-2.8b_step512,default,48950,0.44433424644557484,0.12610080267915358,0.017642923227435194,0.0018169555091231242,0.03346889094574726,0.07503948700476144,0.05431275788304295,0.09576621612647994
EleutherAI_pythia-2.8b_step64,attn_zeroed,48950,0.3662061433608741,0.06867948656067283,0.02206911975614502,0.0066991751118223395,0.0374390644004677,0.020537063141529116,0.0013753513221165664,0.039698774960941666
EleutherAI_pythia-2.8b_step64,default,48950,0.44324097704320015,0.12609642360853093,0.01609681019071355,0.00024281218910810615,0.03195080819231899,0.07503881126948479,0.05431217149387965,0.09576545104508993
EleutherAI_pythia-410m,attn_zeroed,48950,0.2902062204359868,0.06612737116219801,0.013140673965878175,-0.0024073209824553455,0.028688668914211693,0.006831741559237686,-0.01153192838712195,0.025195411505597322
EleutherAI_pythia-410m,default,48950,0.3522298441457418,0.10862854102289625,0.024678512443665594,0.008153162992544982,0.041203861894786205,0.052370977727694654,0.03226659523631134,0.07247536021907797
EleutherAI_pythia-410m_step1000,attn_zeroed,48950,0.4345518304086878,0.09860735345859649,0.005684438237193515,-0.00738045909578143,0.01874933557016846,-0.0032352856596785523,-0.021522326679515317,0.015051755360158212
EleutherAI_pythia-410m_step1000,default,48950,0.4398410300242015,0.09175542692622816,0.028110353791916787,0.0147461284867277,0.041474579097105876,0.0045753007438657095,-0.01422665803749604,0.02337725952522746
EleutherAI_pythia-410m_step16,attn_zeroed,48950,0.35173738497315915,0.04435724971715267,0.004405340105184369,-0.012106353273560504,0.020917033483929242,-0.0420437395751847,-0.06461057077096072,-0.019476908379408693
EleutherAI_pythia-410m_step16,default,48950,0.2951776989801646,0.044274895956497355,-0.0011612004894122584,-0.018705296622749414,0.016382895643924898,-0.04169247518974205,-0.06426371214076557,-0.019121238238718526
EleutherAI_pythia-410m_step256,attn_zeroed,48950,0.44742816699683036,0.06753848659132684,0.0019087424364450617,-0.01026498973483226,0.014082474607722384,-0.025349732123626206,-0.04321992778513752,-0.00747953646211489
EleutherAI_pythia-410m_step256,default,48950,0.5324381492042508,0.06601282546558705,0.0046482841114299876,-0.006115842725770024,0.015412410948629999,-0.02573008428516703,-0.043431934322103426,-0.008028234248230633
EleutherAI_pythia-410m_step32,attn_zeroed,48950,0.33513270538219975,0.04896941851806825,-0.004594759596384147,-0.021366139177099085,0.01217661998433079,-0.04058572274107847,-0.0629299649538309,-0.018241480528326044
EleutherAI_pythia-410m_step32,default,48950,0.32218444974219873,0.04849995030134258,0.0017047421853342692,-0.015275902163419808,0.018685386534088348,-0.04010803522586823,-0.06243195418295461,-0.017784116268781847
EleutherAI_pythia-410m_step512,attn_zeroed,48950,0.4398305743417271,0.06524743111935868,0.010428295980768526,-0.0016807094876026309,0.022537301449139683,-0.019737500085518035,-0.03757082718500643,-0.001904172986029639
EleutherAI_pythia-410m_step512,default,48950,0.4785700989288193,0.07190838884481814,0.006017004340028505,-0.005516275178482492,0.017550283858539503,-0.019857435200700515,-0.037632822903287705,-0.002082047498113325
EleutherAI_pythia-410m_step64,attn_zeroed,48950,0.31911833179109683,0.07229375184423398,0.007278649884879071,-0.009372199779777747,0.02392949954953589,-0.03879351284463979,-0.06019196592205996,-0.01739505976721962
EleutherAI_pythia-410m_step64,default,48950,0.33452501436662735,0.0718831922791427,0.0134191570429496,-0.003060791373818029,0.02989910545971723,-0.03935749072922832,-0.060699609216540065,-0.018015372241916575
allenai_OLMo-1B-hf,attn_zeroed,48950,0.3829466537595324,0.07095640780091336,0.014323108610851634,0.0007282461110042372,0.027917971110699033,0.01715286967015639,-0.00029873572630546505,0.03460447506661825
allenai_OLMo-1B-hf,default,48950,0.4472460891600915,0.11634785528681775,0.022032649905262373,0.0077460873458330085,0.03631921246469174,0.06310716938364658,0.04393685317792352,0.08227748558936963
allenai_OLMo-2-0425-1B,attn_zeroed,48950,0.37807758832149324,0.05791795842655151,0.03182841910740357,0.016488980246201483,0.047167857968605655,0.025262812578975974,0.005601804898846138,0.04492382025910581
allenai_OLMo-2-0425-1B,default,48950,0.42445495517101767,0.11587834006295536,0.023142868042097538,0.007447822463772388,0.03883791362042269,0.06577008960951186,0.04528645179967059,0.08625372741935314
allenai_OLMo-2-1124-7B,attn_zeroed,48950,0.4858823315105752,0.0599765950064277,0.029029028923762745,0.014400358396338778,0.043657699451186714,0.0231251086558443,0.0023635651678481327,0.043886652143840466
allenai_OLMo-2-1124-7B,default,48950,0.5498606831014695,0.12746968775280637,0.022432352284964624,0.007528399129595898,0.03733630544033335,0.0540729441276317,0.031923268299723154,0.07622261995554025
allenai_OLMo-7B-hf,attn_zeroed,48950,0.4429989092550928,0.06325242787793943,0.011477520606649319,-0.0013728064779631299,0.02432784769126177,0.02024447457623685,0.002724778283561803,0.037764170868911894
allenai_OLMo-7B-hf,default,48950,0.5140463317442002,0.12188609844833903,0.0039367581183938835,-0.009780158585107016,0.017653674821894783,0.05785904464933453,0.03809661583810131,0.07762147346056775
gpt2,attn_zeroed,48950,0.49902836551478835,0.043013144334340045,0.005047031701207294,-0.013099435342530195,0.023193498744944783,0.026523728663015056,-0.002880771115316181,0.05592822844134629
gpt2,default,48950,0.3604900926425223,0.10445133482036269,0.05892508454073799,0.043445953376810835,0.07440421570466516,0.06434011116634387,0.045264968347960545,0.08341525398472721
gpt2-large,attn_zeroed,48950,0.34980522163386085,0.06826624308388385,0.005642412033925612,-0.010569291686765035,0.02185411575461626,0.02045964784661866,-0.0005970822772235762,0.0415163779704609
gpt2-large,default,48950,0.36696176638616673,0.11871467140256434,0.024093305336446158,0.008217149155935279,0.03996946151695704,0.07353944989916024,0.05411002304058324,0.09296887675773724
gpt2-medium,attn_zeroed,48950,0.437988171545467,0.049937205630983354,0.012125060096636414,-0.00559793605928828,0.02984805625256111,0.015409497463257843,-0.01080126128062163,0.041620256207137316
gpt2-medium,default,48950,0.3425874037611955,0.11100402358634068,0.03854772765854812,0.022317700017695914,0.054777755299400335,0.07270141500750944,0.053026039402879824,0.09237679061213906
gpt2-xl,attn_zeroed,48950,0.4005713633248128,0.05436007627701463,0.016137778473275438,-0.0004186621716560819,0.032694219118206955,0.025100568098433668,0.0019844528859106238,0.048216683310956715
gpt2-xl,default,48950,0.3639691984039952,0.11814214960219775,0.02226439146921269,0.006044582335338111,0.03848420060308727,0.0683776601163925,0.048370864434183966,0.08838445579860103
meta-llama_Llama-3.2-1B,attn_zeroed,48950,0.35211070242405673,0.0916641437301202,0.018033097214606775,0.0038241288856731004,0.03224206554354045,0.02782931306827252,0.010180179450264962,0.04547844668628008
meta-llama_Llama-3.2-1B,default,48950,0.4161737413206964,0.1485211370341314,0.02407671202211411,0.008959776931260011,0.03919364711296821,0.07277071979163226,0.05344538083149309,0.09209605875177143
meta-llama_Meta-Llama-3-8B,attn_zeroed,48950,0.4553087071135456,0.08602045249772634,0.015084160355660778,0.0011209993134051448,0.02904732139791641,0.031170126870020548,0.011933504491406108,0.05040674924863499
meta-llama_Meta-Llama-3-8B,default,48950,0.5313886637785566,0.13893263033744688,0.03133732478886418,0.016363808446154048,0.04631084113157431,0.07956334769036869,0.05766968145127492,0.10145701392946245
znhoughton_opt-babylm-1.3b-20eps-seed964_step1455,attn_zeroed,48950,0.24019962534419878,0.11525939524893875,-0.0020379691052711812,-0.015041784815531782,0.01096584660498942,-0.015801042887243294,-0.030650604189519138,-0.00095148158496745
znhoughton_opt-babylm-1.3b-20eps-seed964_step1455,default,48950,0.2562695973021192,0.11663325544394484,-0.0022423126456701976,-0.015969097663335076,0.01148447237199468,-0.009840144431551831,-0.025439455881039623,0.0057591670179359625
znhoughton_opt-babylm-1.3b-20eps-seed964_step194,attn_zeroed,48950,0.5262641462290728,0.0413445561007843,-0.003261052382612984,-0.013575444842013435,0.007053340076787469,-0.014707331265057933,-0.03274165467898342,0.003326992148867553
znhoughton_opt-babylm-1.3b-20eps-seed964_step194,default,48950,0.31221263827679036,0.040294461562714545,-0.006801576713406169,-0.019656943323587542,0.006053789896775201,-0.014672187068023913,-0.03230546617237874,0.0029610920363309125
znhoughton_opt-babylm-1.3b-20eps-seed964_step3686,attn_zeroed,48950,0.16967074537936008,0.1509804171674695,0.014823659817173374,-0.0005140494091254444,0.03016136904347219,0.005901803504516273,-0.009791135726432688,0.021594742735465234
znhoughton_opt-babylm-1.3b-20eps-seed964_step3686,default,48950,0.19766341000385884,0.1546244565158586,0.05996938494727083,0.043539742857975045,0.07639902703656662,0.06068082181376132,0.043744168012231924,0.07761747561529071
znhoughton_opt-babylm-1.3b-20eps-seed964_step582,attn_zeroed,48950,0.345351614496373,0.06407670113886128,0.006984305999610724,-0.005075752720099339,0.019044364719320785,-0.013911124908731795,-0.030292320113197668,0.0024700702957340774
znhoughton_opt-babylm-1.3b-20eps-seed964_step582,default,48950,0.3035835287088995,0.07379604755072748,-0.0036941211221430924,-0.016175131782979246,0.008786889538693063,-0.013912743608050261,-0.029686404614876555,0.0018609173987760332
znhoughton_opt-babylm-1.3b-20eps-seed964_step9021,attn_zeroed,48950,0.11457973585877324,0.13548065728851433,0.02095777988538669,0.00010958863041782285,0.04180597114035556,0.005322395694478982,-0.015382664655789215,0.02602745604474718
znhoughton_opt-babylm-1.3b-20eps-seed964_step9021,default,48950,0.1638434191555367,0.1556726686770112,0.09353571706105415,0.07032293854662106,0.11674849557548725,0.08374489961560835,0.06023097268442129,0.10725882654679542
znhoughton_opt-babylm-1.3b-20eps-seed964_step97,attn_zeroed,48950,0.633627969182011,0.04059674108854413,-0.006727851297352452,-0.016887152112395283,0.0034314495176903815,-0.03054190246852015,-0.05091273839810482,-0.010171066538935479
znhoughton_opt-babylm-1.3b-20eps-seed964_step97,default,48950,0.38996088542966323,0.040214813027782494,-0.013411002825578285,-0.027033289107877438,0.00021128345672086733,-0.02979344762099157,-0.04985889248102769,-0.009728002760955454
znhoughton_opt-babylm-125m-20eps-seed964,attn_zeroed,48950,0.17293922399343464,0.15461884704626846,0.024323992726165797,0.008335770181211434,0.04031221527112016,0.011040951436634222,-0.0054449849374130985,0.027526887810681543
znhoughton_opt-babylm-125m-20eps-seed964,default,48950,0.22078253565405723,0.16628405434359914,0.07293598793629343,0.05646964677653614,0.08940232909605071,0.07358701590604462,0.05618859211359762,0.09098543969849163
znhoughton_opt-babylm-125m-20eps-seed964_step144,attn_zeroed,48950,0.41948918319453826,0.05117475755318583,-0.009621251696163442,-0.02063402505053901,0.0013915216582121252,-0.02806401870276908,-0.04457519807290804,-0.01155283933263012
znhoughton_opt-babylm-125m-20eps-seed964_step144,default,48950,0.3314480973478337,0.054019914451135014,-0.0106560520849277,-0.022327254201484327,0.001015150031628928,-0.022855901835799806,-0.03880133550936987,-0.006910468162229736
znhoughton_opt-babylm-125m-20eps-seed964_step2280,attn_zeroed,48950,0.1748385610260814,0.1645933082146161,0.018811608125000406,0.0034156647203238445,0.03420755152967697,0.008974486596227696,-0.006717293399631438,0.02466626659208683
znhoughton_opt-babylm-125m-20eps-seed964_step2280,default,48950,0.21772678715204669,0.1593066781449315,0.05624712303048514,0.04052798694346116,0.07196625911750912,0.05782479133817331,0.041314541734227286,0.07433504094211933
znhoughton_opt-babylm-125m-20eps-seed964_step24,attn_zeroed,48950,0.6800732796737292,0.04131082497829423,-0.0052930694073862125,-0.016153982222828572,0.005567843408056147,-0.041286951863601457,-0.06371993570641685,-0.018853968020786073
znhoughton_opt-babylm-125m-20eps-seed964_step24,default,48950,0.3906034405089464,0.041141089211312674,-0.008270400419299183,-0.023620714522353526,0.00707991368375516,-0.04014904934384453,-0.06258278487780215,-0.0177153138098869
znhoughton_opt-babylm-125m-20eps-seed964_step384,attn_zeroed,48950,0.2534374806785255,0.0980390569663041,-0.008338380321801361,-0.020737660691052304,0.004060900047449583,-0.021415109941713497,-0.03636852169548711,-0.006461698187939877
znhoughton_opt-babylm-125m-20eps-seed964_step384,default,48950,0.25528500068746024,0.10839108366250712,-0.0054743521810863005,-0.018119246578582264,0.007170542216409665,-0.020411674943142256,-0.03530518857299266,-0.005518161313291851
znhoughton_opt-babylm-125m-20eps-seed964_step48,attn_zeroed,48950,0.6541437577396566,0.043401311271454066,-0.004753222265772204,-0.014982694553580062,0.005476250022035653,-0.03772921786752705,-0.05811681914649157,-0.017341616588562536
znhoughton_opt-babylm-125m-20eps-seed964_step48,default,48950,0.37487438655664906,0.043361313583146925,-0.010741293316834037,-0.025017588526161795,0.003535001892493719,-0.03633334832930044,-0.056707313202756446,-0.015959383455844443
znhoughton_opt-babylm-125m-20eps-seed964_step912,attn_zeroed,48950,0.1801190793780516,0.11817989046860956,0.005187070018385115,-0.008274548269081158,0.01864868830585139,-0.013373614125118075,-0.028030193582242575,0.001282965332006428
znhoughton_opt-babylm-125m-20eps-seed964_step912,default,48950,0.2327916231195064,0.11465920680417806,0.015249465087639413,0.0009590250605667604,0.029539905114712064,-0.006072573271703262,-0.021960014268513163,0.00981486772510664
znhoughton_opt-babylm-1_3b-20eps-seed964,attn_zeroed,48950,0.099641782677854,0.10715444927798291,0.008321185055740948,-0.017070870223305668,0.033713240334787564,-0.016187630033508843,-0.04160360970339848,0.009228349636380789
znhoughton_opt-babylm-1_3b-20eps-seed964,default,48950,0.15790520535036093,0.1360784437628868,0.06889121170745119,0.04115495439044235,0.09662746902446002,0.03862325508938559,0.010398192004791695,0.06684831817397949
znhoughton_opt-babylm-350m-20eps-seed964,attn_zeroed,48950,0.15548573996612194,0.1593002619165835,0.02063592518564611,0.0056156374100519366,0.03565621296124028,0.012521093945568093,-0.0027594179403357556,0.02780160583147194
znhoughton_opt-babylm-350m-20eps-seed964,default,48950,0.22258527918023702,0.14981345307809113,0.0641063384029884,0.048157385189057704,0.0800552916169191,0.056498835583778134,0.039545232690453305,0.07345243847710296
znhoughton_opt-babylm-350m-20eps-seed964_step1824,attn_zeroed,48950,0.2406456837039502,0.14433763653742698,0.008944173686036727,-0.003839862300594434,0.02172820967266789,-0.008987669566880317,-0.023129134661878367,0.0051537955281177345
znhoughton_opt-babylm-350m-20eps-seed964_step1824,default,48950,0.2735556765162783,0.13265882578706492,0.006641299217012626,-0.007156237154433347,0.0204388355884586,-0.0016548570868446452,-0.017201004896558326,0.013891290722869038
znhoughton_opt-babylm-350m-20eps-seed964_step288,attn_zeroed,48950,0.5113549617807467,0.08128230919500434,0.0026312607064106095,-0.007280547482292745,0.012543068895113963,-0.01937204964315971,-0.0354368479746769,-0.003307251311642518
znhoughton_opt-babylm-350m-20eps-seed964_step288,default,48950,0.45436949129906046,0.08513991770021563,8.345132802148152e-05,-0.010052957702427442,0.010219860358470405,-0.01616349878897569,-0.03160917878353448,-0.0007178187944168971
znhoughton_opt-babylm-350m-20eps-seed964_step4560,attn_zeroed,48950,0.17485556312209136,0.16247094168142467,0.021658518296071995,0.007539128059342558,0.03577790853280143,0.010362742855649199,-0.004084385134954497,0.024809870846252892
znhoughton_opt-babylm-350m-20eps-seed964_step4560,default,48950,0.21588939171583837,0.14695821293868883,0.045106861082503384,0.02987772569302727,0.0603359964719795,0.04153732393282698,0.02546036315776952,0.05761428470788445
znhoughton_opt-babylm-350m-20eps-seed964_step48,attn_zeroed,48950,0.6577358162583283,0.042407516456885695,-0.001131988332178386,-0.012461833888140861,0.01019785722378409,-0.036353906741938,-0.05925054347500026,-0.013457270008875748
znhoughton_opt-babylm-350m-20eps-seed964_step48,default,48950,0.4487093901905668,0.042288981267161914,-0.028653941268547284,-0.043708349260945675,-0.013599533276148894,-0.03616078162604462,-0.05908294120250961,-0.01323862204957963
znhoughton_opt-babylm-350m-20eps-seed964_step768,attn_zeroed,48950,0.2616974154089196,0.09468232623467095,0.003758073301116705,-0.00805794671889648,0.01557409332112989,-0.017471069128567523,-0.03191554470247818,-0.003026593554656872
znhoughton_opt-babylm-350m-20eps-seed964_step768,default,48950,0.31982535546411084,0.1007502889419822,-0.003460213345145227,-0.014859784420318288,0.007939357730027834,-0.014151542921502905,-0.028688689117887686,0.00038560327488187593
znhoughton_opt-babylm-350m-20eps-seed964_step96,attn_zeroed,48950,0.7418413791070032,0.045073484053302054,-0.003797660841103407,-0.01284619629718171,0.0052508746149748965,-0.03458544826139613,-0.055006871281457134,-0.014164025241335133
znhoughton_opt-babylm-350m-20eps-seed964_step96,default,48950,0.44403501097063225,0.044718011601681436,-0.009196811968781436,-0.022922063594001906,0.004528439656439034,-0.03418887329740732,-0.054523535173717705,-0.013854211421096944
