condition,layer,mode,split,k,mean_r2,sd_r2
default,0,mean_pooled,pair_novel,1,0.248521,0.00589
default,0,mean_pooled,pair_novel,2,0.340517,0.00821
default,0,mean_pooled,pair_novel,3,0.366344,0.007242
default,0,mean_pooled,pair_novel,4,0.377411,0.006826
default,0,mean_pooled,pair_novel,5,0.381829,0.006787
default,0,mean_pooled,pair_novel,6,0.383743,0.006879
default,0,mean_pooled,pair_novel,7,0.384481,0.006885
default,0,mean_pooled,pair_novel,8,0.384804,0.006804
default,0,mean_pooled,pair_novel,9,0.384954,0.006853
default,0,mean_pooled,pair_novel,10,0.385037,0.006842
default,0,mean_pooled,pair_novel,11,0.385067,0.006809
default,0,mean_pooled,pair_novel,12,0.38508,0.006807
default,0,mean_pooled,pair_novel,13,0.385093,0.006797
default,0,mean_pooled,pair_novel,14,0.385104,0.006779
default,0,mean_pooled,pair_novel,15,0.385111,0.00677
default,0,mean_pooled,word_novel,1,0.244629,0.026907
default,0,mean_pooled,word_novel,2,0.32317,0.028818
default,0,mean_pooled,word_novel,3,0.33274,0.033444
default,0,mean_pooled,word_novel,4,0.32887,0.029591
default,0,mean_pooled,word_novel,5,0.326565,0.029158
default,0,mean_pooled,word_novel,6,0.323896,0.027309
default,0,mean_pooled,word_novel,7,0.323011,0.026824
default,0,mean_pooled,word_novel,8,0.32268,0.026585
default,0,mean_pooled,word_novel,9,0.322313,0.026522
default,0,mean_pooled,word_novel,10,0.32209,0.026539
default,0,mean_pooled,word_novel,11,0.321998,0.026473
default,0,mean_pooled,word_novel,12,0.32198,0.02637
default,0,mean_pooled,word_novel,13,0.322046,0.026322
default,0,mean_pooled,word_novel,14,0.322024,0.026238
default,0,mean_pooled,word_novel,15,0.32203,0.026268
default,0,words_only,pair_novel,1,0.168472,0.003254
default,0,words_only,pair_novel,2,0.261651,0.004427
default,0,words_only,pair_novel,3,0.285357,0.004887
default,0,words_only,pair_novel,4,0.292964,0.004794
default,0,words_only,pair_novel,5,0.295917,0.005044
default,0,words_only,pair_novel,6,0.297372,0.005129
default,0,words_only,pair_novel,7,0.298071,0.005196
default,0,words_only,pair_novel,8,0.298443,0.005132
default,0,words_only,pair_novel,9,0.298633,0.005153
default,0,words_only,pair_novel,10,0.298742,0.005182
default,0,words_only,pair_novel,11,0.298797,0.005163
default,0,words_only,pair_novel,12,0.298825,0.005144
default,0,words_only,pair_novel,13,0.298837,0.005142
default,0,words_only,pair_novel,14,0.298843,0.005145
default,0,words_only,pair_novel,15,0.298845,0.005142
default,0,words_only,word_novel,1,0.158172,0.029111
default,0,words_only,word_novel,2,0.241652,0.026745
default,0,words_only,word_novel,3,0.258616,0.032465
default,0,words_only,word_novel,4,0.262141,0.032201
default,0,words_only,word_novel,5,0.262221,0.032902
default,0,words_only,word_novel,6,0.261834,0.032169
default,0,words_only,word_novel,7,0.261758,0.031813
default,0,words_only,word_novel,8,0.261943,0.031119
default,0,words_only,word_novel,9,0.262394,0.031372
default,0,words_only,word_novel,10,0.262767,0.031269
default,0,words_only,word_novel,11,0.2631,0.031431
default,0,words_only,word_novel,12,0.263236,0.031391
default,0,words_only,word_novel,13,0.263244,0.031372
default,0,words_only,word_novel,14,0.263258,0.031385
default,0,words_only,word_novel,15,0.263243,0.031364
default,1,mean_pooled,pair_novel,1,0.326182,0.005916
default,1,mean_pooled,pair_novel,2,0.389737,0.007865
default,1,mean_pooled,pair_novel,3,0.416587,0.008087
default,1,mean_pooled,pair_novel,4,0.427702,0.008197
default,1,mean_pooled,pair_novel,5,0.435541,0.008164
default,1,mean_pooled,pair_novel,6,0.439203,0.008442
default,1,mean_pooled,pair_novel,7,0.441869,0.008274
default,1,mean_pooled,pair_novel,8,0.443883,0.008143
default,1,mean_pooled,pair_novel,9,0.445046,0.008164
default,1,mean_pooled,pair_novel,10,0.445894,0.008174
default,1,mean_pooled,pair_novel,11,0.446694,0.008083
default,1,mean_pooled,pair_novel,12,0.44712,0.008072
default,1,mean_pooled,pair_novel,13,0.447543,0.008104
default,1,mean_pooled,pair_novel,14,0.447914,0.00798
default,1,mean_pooled,pair_novel,15,0.448233,0.008048
default,1,mean_pooled,word_novel,1,0.323654,0.034166
default,1,mean_pooled,word_novel,2,0.380385,0.027623
default,1,mean_pooled,word_novel,3,0.397249,0.023064
default,1,mean_pooled,word_novel,4,0.402027,0.025188
default,1,mean_pooled,word_novel,5,0.403696,0.026608
default,1,mean_pooled,word_novel,6,0.404325,0.026981
default,1,mean_pooled,word_novel,7,0.404085,0.027667
default,1,mean_pooled,word_novel,8,0.403591,0.026135
default,1,mean_pooled,word_novel,9,0.403819,0.024901
default,1,mean_pooled,word_novel,10,0.403206,0.0248
default,1,mean_pooled,word_novel,11,0.402709,0.025193
default,1,mean_pooled,word_novel,12,0.402945,0.024626
default,1,mean_pooled,word_novel,13,0.402867,0.024394
default,1,mean_pooled,word_novel,14,0.402718,0.02403
default,1,mean_pooled,word_novel,15,0.402413,0.023683
default,1,words_only,pair_novel,1,0.317021,0.004941
default,1,words_only,pair_novel,2,0.371333,0.006323
default,1,words_only,pair_novel,3,0.392025,0.006566
default,1,words_only,pair_novel,4,0.402696,0.007084
default,1,words_only,pair_novel,5,0.408933,0.007505
default,1,words_only,pair_novel,6,0.411941,0.007389
default,1,words_only,pair_novel,7,0.4139,0.007266
default,1,words_only,pair_novel,8,0.415322,0.007403
default,1,words_only,pair_novel,9,0.416167,0.007318
default,1,words_only,pair_novel,10,0.416762,0.007319
default,1,words_only,pair_novel,11,0.417192,0.007313
default,1,words_only,pair_novel,12,0.417504,0.007234
default,1,words_only,pair_novel,13,0.417752,0.007216
default,1,words_only,pair_novel,14,0.417944,0.007206
default,1,words_only,pair_novel,15,0.418092,0.00726
default,1,words_only,word_novel,1,0.311824,0.032631
default,1,words_only,word_novel,2,0.362897,0.025115
default,1,words_only,word_novel,3,0.378628,0.022349
default,1,words_only,word_novel,4,0.384458,0.022604
default,1,words_only,word_novel,5,0.387851,0.024795
default,1,words_only,word_novel,6,0.390268,0.025448
default,1,words_only,word_novel,7,0.391731,0.024528
default,1,words_only,word_novel,8,0.39265,0.025488
default,1,words_only,word_novel,9,0.393232,0.025738
default,1,words_only,word_novel,10,0.393316,0.025566
default,1,words_only,word_novel,11,0.39334,0.025216
default,1,words_only,word_novel,12,0.393285,0.025247
default,1,words_only,word_novel,13,0.393392,0.025499
default,1,words_only,word_novel,14,0.393366,0.025616
default,1,words_only,word_novel,15,0.393493,0.025568
default,2,mean_pooled,pair_novel,1,0.334852,0.006245
default,2,mean_pooled,pair_novel,2,0.40104,0.00803
default,2,mean_pooled,pair_novel,3,0.428001,0.008415
default,2,mean_pooled,pair_novel,4,0.443041,0.007711
default,2,mean_pooled,pair_novel,5,0.4496,0.007482
default,2,mean_pooled,pair_novel,6,0.453859,0.007539
default,2,mean_pooled,pair_novel,7,0.456271,0.007491
default,2,mean_pooled,pair_novel,8,0.457977,0.007387
default,2,mean_pooled,pair_novel,9,0.459067,0.007404
default,2,mean_pooled,pair_novel,10,0.45969,0.007379
default,2,mean_pooled,pair_novel,11,0.460145,0.007366
default,2,mean_pooled,pair_novel,12,0.460464,0.007408
default,2,mean_pooled,pair_novel,13,0.460778,0.007475
default,2,mean_pooled,pair_novel,14,0.460981,0.007476
default,2,mean_pooled,pair_novel,15,0.461157,0.007493
default,2,mean_pooled,word_novel,1,0.333657,0.030535
default,2,mean_pooled,word_novel,2,0.392846,0.020849
default,2,mean_pooled,word_novel,3,0.406886,0.018432
default,2,mean_pooled,word_novel,4,0.413615,0.018814
default,2,mean_pooled,word_novel,5,0.41687,0.020827
default,2,mean_pooled,word_novel,6,0.418916,0.022569
default,2,mean_pooled,word_novel,7,0.419451,0.023527
default,2,mean_pooled,word_novel,8,0.420133,0.023366
default,2,mean_pooled,word_novel,9,0.421424,0.022879
default,2,mean_pooled,word_novel,10,0.421741,0.023034
default,2,mean_pooled,word_novel,11,0.4222,0.022503
default,2,mean_pooled,word_novel,12,0.422301,0.022674
default,2,mean_pooled,word_novel,13,0.422459,0.022782
default,2,mean_pooled,word_novel,14,0.422795,0.02253
default,2,mean_pooled,word_novel,15,0.423103,0.022662
default,2,words_only,pair_novel,1,0.325675,0.005865
default,2,words_only,pair_novel,2,0.379621,0.007064
default,2,words_only,pair_novel,3,0.400648,0.007028
default,2,words_only,pair_novel,4,0.413229,0.00681
default,2,words_only,pair_novel,5,0.418443,0.007158
default,2,words_only,pair_novel,6,0.421689,0.00724
default,2,words_only,pair_novel,7,0.423317,0.00732
default,2,words_only,pair_novel,8,0.424297,0.007305
default,2,words_only,pair_novel,9,0.424773,0.007345
default,2,words_only,pair_novel,10,0.425158,0.007278
default,2,words_only,pair_novel,11,0.425417,0.007265
default,2,words_only,pair_novel,12,0.425609,0.00727
default,2,words_only,pair_novel,13,0.425742,0.00724
default,2,words_only,pair_novel,14,0.425846,0.007216
default,2,words_only,pair_novel,15,0.425926,0.007189
default,2,words_only,word_novel,1,0.322833,0.028821
default,2,words_only,word_novel,2,0.370739,0.023591
default,2,words_only,word_novel,3,0.386626,0.022318
default,2,words_only,word_novel,4,0.393906,0.021803
default,2,words_only,word_novel,5,0.396081,0.024147
default,2,words_only,word_novel,6,0.397681,0.024454
default,2,words_only,word_novel,7,0.398917,0.023612
default,2,words_only,word_novel,8,0.399081,0.023999
default,2,words_only,word_novel,9,0.39903,0.024347
default,2,words_only,word_novel,10,0.399203,0.024302
default,2,words_only,word_novel,11,0.399304,0.02432
default,2,words_only,word_novel,12,0.399471,0.024263
default,2,words_only,word_novel,13,0.39949,0.02413
default,2,words_only,word_novel,14,0.399433,0.024171
default,2,words_only,word_novel,15,0.399402,0.024235
default,3,mean_pooled,pair_novel,1,0.303531,0.008228
default,3,mean_pooled,pair_novel,2,0.396206,0.007748
default,3,mean_pooled,pair_novel,3,0.424591,0.007758
default,3,mean_pooled,pair_novel,4,0.452437,0.007446
default,3,mean_pooled,pair_novel,5,0.463437,0.006992
default,3,mean_pooled,pair_novel,6,0.470558,0.007
default,3,mean_pooled,pair_novel,7,0.475571,0.007112
default,3,mean_pooled,pair_novel,8,0.478411,0.007257
default,3,mean_pooled,pair_novel,9,0.480036,0.007016
default,3,mean_pooled,pair_novel,10,0.481161,0.007012
default,3,mean_pooled,pair_novel,11,0.481974,0.007
default,3,mean_pooled,pair_novel,12,0.482532,0.007004
default,3,mean_pooled,pair_novel,13,0.482899,0.006955
default,3,mean_pooled,pair_novel,14,0.483126,0.006955
default,3,mean_pooled,pair_novel,15,0.483286,0.007019
default,3,mean_pooled,word_novel,1,0.303867,0.027695
default,3,mean_pooled,word_novel,2,0.391426,0.028042
default,3,mean_pooled,word_novel,3,0.414308,0.022026
default,3,mean_pooled,word_novel,4,0.435859,0.019247
default,3,mean_pooled,word_novel,5,0.441783,0.020915
default,3,mean_pooled,word_novel,6,0.445732,0.022761
default,3,mean_pooled,word_novel,7,0.448149,0.022025
default,3,mean_pooled,word_novel,8,0.448963,0.023669
default,3,mean_pooled,word_novel,9,0.449614,0.023691
default,3,mean_pooled,word_novel,10,0.450573,0.022864
default,3,mean_pooled,word_novel,11,0.450694,0.022393
default,3,mean_pooled,word_novel,12,0.450815,0.022743
default,3,mean_pooled,word_novel,13,0.450929,0.022545
default,3,mean_pooled,word_novel,14,0.451131,0.02266
default,3,mean_pooled,word_novel,15,0.45117,0.022522
default,3,words_only,pair_novel,1,0.294326,0.008332
default,3,words_only,pair_novel,2,0.383508,0.007173
default,3,words_only,pair_novel,3,0.418607,0.007714
default,3,words_only,pair_novel,4,0.433002,0.007457
default,3,words_only,pair_novel,5,0.443274,0.007215
default,3,words_only,pair_novel,6,0.448678,0.007307
default,3,words_only,pair_novel,7,0.451955,0.007217
default,3,words_only,pair_novel,8,0.453832,0.007248
default,3,words_only,pair_novel,9,0.454998,0.00717
default,3,words_only,pair_novel,10,0.455665,0.007212
default,3,words_only,pair_novel,11,0.456076,0.007083
default,3,words_only,pair_novel,12,0.456452,0.007107
default,3,words_only,pair_novel,13,0.456686,0.007056
default,3,words_only,pair_novel,14,0.456858,0.00707
default,3,words_only,pair_novel,15,0.456977,0.00706
default,3,words_only,word_novel,1,0.294212,0.027771
default,3,words_only,word_novel,2,0.377413,0.026394
default,3,words_only,word_novel,3,0.409477,0.02295
default,3,words_only,word_novel,4,0.42059,0.020161
default,3,words_only,word_novel,5,0.42765,0.019319
default,3,words_only,word_novel,6,0.430929,0.020179
default,3,words_only,word_novel,7,0.433461,0.021556
default,3,words_only,word_novel,8,0.435152,0.020738
default,3,words_only,word_novel,9,0.43552,0.020329
default,3,words_only,word_novel,10,0.435631,0.020683
default,3,words_only,word_novel,11,0.436077,0.020661
default,3,words_only,word_novel,12,0.436269,0.020695
default,3,words_only,word_novel,13,0.436445,0.020715
default,3,words_only,word_novel,14,0.43661,0.020739
default,3,words_only,word_novel,15,0.436744,0.020773
default,4,mean_pooled,pair_novel,1,0.298782,0.008256
default,4,mean_pooled,pair_novel,2,0.391152,0.006358
default,4,mean_pooled,pair_novel,3,0.446031,0.007096
default,4,mean_pooled,pair_novel,4,0.462715,0.006927
default,4,mean_pooled,pair_novel,5,0.475556,0.006888
default,4,mean_pooled,pair_novel,6,0.484825,0.006812
default,4,mean_pooled,pair_novel,7,0.490197,0.006727
default,4,mean_pooled,pair_novel,8,0.493913,0.006835
default,4,mean_pooled,pair_novel,9,0.497405,0.006701
default,4,mean_pooled,pair_novel,10,0.49957,0.006909
default,4,mean_pooled,pair_novel,11,0.50156,0.006876
default,4,mean_pooled,pair_novel,12,0.502657,0.006737
default,4,mean_pooled,pair_novel,13,0.503732,0.006648
default,4,mean_pooled,pair_novel,14,0.504518,0.006723
default,4,mean_pooled,pair_novel,15,0.505167,0.006556
default,4,mean_pooled,word_novel,1,0.298429,0.023473
default,4,mean_pooled,word_novel,2,0.385588,0.025689
default,4,mean_pooled,word_novel,3,0.438281,0.026352
default,4,mean_pooled,word_novel,4,0.453266,0.024368
default,4,mean_pooled,word_novel,5,0.463979,0.023929
default,4,mean_pooled,word_novel,6,0.469425,0.023303
default,4,mean_pooled,word_novel,7,0.473859,0.023456
default,4,mean_pooled,word_novel,8,0.475115,0.024301
default,4,mean_pooled,word_novel,9,0.476968,0.022319
default,4,mean_pooled,word_novel,10,0.478534,0.021322
default,4,mean_pooled,word_novel,11,0.479539,0.021541
default,4,mean_pooled,word_novel,12,0.480129,0.021368
default,4,mean_pooled,word_novel,13,0.480807,0.021029
default,4,mean_pooled,word_novel,14,0.480936,0.021622
default,4,mean_pooled,word_novel,15,0.480978,0.021542
default,4,words_only,pair_novel,1,0.29592,0.008321
default,4,words_only,pair_novel,2,0.390846,0.007233
default,4,words_only,pair_novel,3,0.426598,0.007698
default,4,words_only,pair_novel,4,0.446176,0.00744
default,4,words_only,pair_novel,5,0.45879,0.007307
default,4,words_only,pair_novel,6,0.46468,0.007789
default,4,words_only,pair_novel,7,0.469708,0.007579
default,4,words_only,pair_novel,8,0.472714,0.00772
default,4,words_only,pair_novel,9,0.474648,0.007768
default,4,words_only,pair_novel,10,0.475813,0.007639
default,4,words_only,pair_novel,11,0.476772,0.007489
default,4,words_only,pair_novel,12,0.477461,0.007365
default,4,words_only,pair_novel,13,0.477862,0.007354
default,4,words_only,pair_novel,14,0.478137,0.007294
default,4,words_only,pair_novel,15,0.478333,0.007317
default,4,words_only,word_novel,1,0.295695,0.024201
default,4,words_only,word_novel,2,0.386558,0.025248
default,4,words_only,word_novel,3,0.420286,0.021929
default,4,words_only,word_novel,4,0.436656,0.021107
default,4,words_only,word_novel,5,0.447163,0.022009
default,4,words_only,word_novel,6,0.451745,0.021426
default,4,words_only,word_novel,7,0.455845,0.021462
default,4,words_only,word_novel,8,0.458082,0.021578
default,4,words_only,word_novel,9,0.459828,0.020586
default,4,words_only,word_novel,10,0.460142,0.020832
default,4,words_only,word_novel,11,0.460404,0.020844
default,4,words_only,word_novel,12,0.460889,0.020652
default,4,words_only,word_novel,13,0.461011,0.020825
default,4,words_only,word_novel,14,0.461081,0.020939
default,4,words_only,word_novel,15,0.46126,0.020557
default,5,mean_pooled,pair_novel,1,0.293634,0.008398
default,5,mean_pooled,pair_novel,2,0.415983,0.006849
default,5,mean_pooled,pair_novel,3,0.4679,0.007043
default,5,mean_pooled,pair_novel,4,0.486152,0.006653
default,5,mean_pooled,pair_novel,5,0.498852,0.00647
default,5,mean_pooled,pair_novel,6,0.50831,0.006476
default,5,mean_pooled,pair_novel,7,0.513941,0.006477
default,5,mean_pooled,pair_novel,8,0.51733,0.006617
default,5,mean_pooled,pair_novel,9,0.519989,0.006514
default,5,mean_pooled,pair_novel,10,0.521891,0.006467
default,5,mean_pooled,pair_novel,11,0.523184,0.006407
default,5,mean_pooled,pair_novel,12,0.524005,0.006214
default,5,mean_pooled,pair_novel,13,0.524786,0.006009
default,5,mean_pooled,pair_novel,14,0.525354,0.00611
default,5,mean_pooled,pair_novel,15,0.525744,0.006059
default,5,mean_pooled,word_novel,1,0.293091,0.023592
default,5,mean_pooled,word_novel,2,0.411616,0.030039
default,5,mean_pooled,word_novel,3,0.459123,0.025924
default,5,mean_pooled,word_novel,4,0.474651,0.026646
default,5,mean_pooled,word_novel,5,0.484925,0.027094
default,5,mean_pooled,word_novel,6,0.491301,0.025915
default,5,mean_pooled,word_novel,7,0.494921,0.026691
default,5,mean_pooled,word_novel,8,0.49754,0.027097
default,5,mean_pooled,word_novel,9,0.499586,0.026172
default,5,mean_pooled,word_novel,10,0.500473,0.025269
default,5,mean_pooled,word_novel,11,0.500708,0.02537
default,5,mean_pooled,word_novel,12,0.501094,0.025605
default,5,mean_pooled,word_novel,13,0.501147,0.024914
default,5,mean_pooled,word_novel,14,0.501256,0.024892
default,5,mean_pooled,word_novel,15,0.501751,0.024714
default,5,words_only,pair_novel,1,0.293792,0.008358
default,5,words_only,pair_novel,2,0.395293,0.007205
default,5,words_only,pair_novel,3,0.430079,0.008251
default,5,words_only,pair_novel,4,0.451123,0.007725
default,5,words_only,pair_novel,5,0.464367,0.007247
default,5,words_only,pair_novel,6,0.472642,0.007565
default,5,words_only,pair_novel,7,0.478433,0.007294
default,5,words_only,pair_novel,8,0.481922,0.007423
default,5,words_only,pair_novel,9,0.484322,0.007681
default,5,words_only,pair_novel,10,0.486017,0.007506
default,5,words_only,pair_novel,11,0.487112,0.007414
default,5,words_only,pair_novel,12,0.48798,0.007389
default,5,words_only,pair_novel,13,0.488624,0.007313
default,5,words_only,pair_novel,14,0.489028,0.00736
default,5,words_only,pair_novel,15,0.489319,0.007314
default,5,words_only,word_novel,1,0.293558,0.023854
default,5,words_only,word_novel,2,0.392427,0.024016
default,5,words_only,word_novel,3,0.425569,0.021712
default,5,words_only,word_novel,4,0.443799,0.019737
default,5,words_only,word_novel,5,0.455045,0.021741
default,5,words_only,word_novel,6,0.461069,0.022996
default,5,words_only,word_novel,7,0.465424,0.022199
default,5,words_only,word_novel,8,0.467983,0.022876
default,5,words_only,word_novel,9,0.470171,0.022529
default,5,words_only,word_novel,10,0.470923,0.021954
default,5,words_only,word_novel,11,0.4713,0.021862
default,5,words_only,word_novel,12,0.471843,0.02162
default,5,words_only,word_novel,13,0.472149,0.021329
default,5,words_only,word_novel,14,0.472269,0.021511
default,5,words_only,word_novel,15,0.472685,0.021235
default,6,mean_pooled,pair_novel,1,0.297075,0.008374
default,6,mean_pooled,pair_novel,2,0.404544,0.006985
default,6,mean_pooled,pair_novel,3,0.437771,0.007368
default,6,mean_pooled,pair_novel,4,0.475964,0.007369
default,6,mean_pooled,pair_novel,5,0.490586,0.006925
default,6,mean_pooled,pair_novel,6,0.50341,0.006589
default,6,mean_pooled,pair_novel,7,0.510991,0.006454
default,6,mean_pooled,pair_novel,8,0.516307,0.006763
default,6,mean_pooled,pair_novel,9,0.519822,0.006968
default,6,mean_pooled,pair_novel,10,0.52261,0.006954
default,6,mean_pooled,pair_novel,11,0.524398,0.00684
default,6,mean_pooled,pair_novel,12,0.525572,0.006845
default,6,mean_pooled,pair_novel,13,0.526595,0.006923
default,6,mean_pooled,pair_novel,14,0.527296,0.006963
default,6,mean_pooled,pair_novel,15,0.527838,0.006925
default,6,mean_pooled,word_novel,1,0.296267,0.023866
default,6,mean_pooled,word_novel,2,0.400428,0.028028
default,6,mean_pooled,word_novel,3,0.433498,0.029697
default,6,mean_pooled,word_novel,4,0.467359,0.025694
default,6,mean_pooled,word_novel,5,0.478558,0.026354
default,6,mean_pooled,word_novel,6,0.488794,0.026527
default,6,mean_pooled,word_novel,7,0.49411,0.027033
default,6,mean_pooled,word_novel,8,0.497611,0.026986
default,6,mean_pooled,word_novel,9,0.50018,0.027589
default,6,mean_pooled,word_novel,10,0.501172,0.027607
default,6,mean_pooled,word_novel,11,0.502309,0.028524
default,6,mean_pooled,word_novel,12,0.50284,0.027987
default,6,mean_pooled,word_novel,13,0.503943,0.027274
default,6,mean_pooled,word_novel,14,0.504842,0.026759
default,6,mean_pooled,word_novel,15,0.505376,0.026847
default,6,words_only,pair_novel,1,0.294737,0.008396
default,6,words_only,pair_novel,2,0.382563,0.007177
default,6,words_only,pair_novel,3,0.415476,0.00746
default,6,words_only,pair_novel,4,0.446287,0.007642
default,6,words_only,pair_novel,5,0.463253,0.0067
default,6,words_only,pair_novel,6,0.471605,0.007039
default,6,words_only,pair_novel,7,0.477525,0.006873
default,6,words_only,pair_novel,8,0.481634,0.006844
default,6,words_only,pair_novel,9,0.484535,0.007004
default,6,words_only,pair_novel,10,0.486478,0.006919
default,6,words_only,pair_novel,11,0.487978,0.006822
default,6,words_only,pair_novel,12,0.489048,0.006752
default,6,words_only,pair_novel,13,0.489801,0.006585
default,6,words_only,pair_novel,14,0.490277,0.006581
default,6,words_only,pair_novel,15,0.490623,0.006515
default,6,words_only,word_novel,1,0.294255,0.023413
default,6,words_only,word_novel,2,0.37964,0.022709
default,6,words_only,word_novel,3,0.410733,0.022411
default,6,words_only,word_novel,4,0.439605,0.018865
default,6,words_only,word_novel,5,0.454288,0.019701
default,6,words_only,word_novel,6,0.461195,0.021933
default,6,words_only,word_novel,7,0.465805,0.022281
default,6,words_only,word_novel,8,0.468748,0.022389
default,6,words_only,word_novel,9,0.471004,0.022035
default,6,words_only,word_novel,10,0.471957,0.022236
default,6,words_only,word_novel,11,0.472621,0.022808
default,6,words_only,word_novel,12,0.47346,0.022953
default,6,words_only,word_novel,13,0.473902,0.022546
default,6,words_only,word_novel,14,0.474207,0.022589
default,6,words_only,word_novel,15,0.47459,0.022493
default,7,mean_pooled,pair_novel,1,0.301847,0.008146
default,7,mean_pooled,pair_novel,2,0.41423,0.007409
default,7,mean_pooled,pair_novel,3,0.462007,0.007822
default,7,mean_pooled,pair_novel,4,0.481678,0.007704
default,7,mean_pooled,pair_novel,5,0.500626,0.006826
default,7,mean_pooled,pair_novel,6,0.506594,0.007239
default,7,mean_pooled,pair_novel,7,0.512006,0.007384
default,7,mean_pooled,pair_novel,8,0.517032,0.007027
default,7,mean_pooled,pair_novel,9,0.52097,0.007001
default,7,mean_pooled,pair_novel,10,0.523225,0.006917
default,7,mean_pooled,pair_novel,11,0.525042,0.007058
default,7,mean_pooled,pair_novel,12,0.52637,0.007255
default,7,mean_pooled,pair_novel,13,0.527581,0.007
default,7,mean_pooled,pair_novel,14,0.528253,0.006955
default,7,mean_pooled,pair_novel,15,0.528806,0.006914
default,7,mean_pooled,word_novel,1,0.301244,0.022558
default,7,mean_pooled,word_novel,2,0.412266,0.033083
default,7,mean_pooled,word_novel,3,0.456442,0.026591
default,7,mean_pooled,word_novel,4,0.474319,0.026351
default,7,mean_pooled,word_novel,5,0.487377,0.027547
default,7,mean_pooled,word_novel,6,0.49172,0.02504
default,7,mean_pooled,word_novel,7,0.496177,0.024267
default,7,mean_pooled,word_novel,8,0.500427,0.025136
default,7,mean_pooled,word_novel,9,0.503675,0.024386
default,7,mean_pooled,word_novel,10,0.505293,0.02424
default,7,mean_pooled,word_novel,11,0.506187,0.024943
default,7,mean_pooled,word_novel,12,0.507068,0.025176
default,7,mean_pooled,word_novel,13,0.507693,0.024731
default,7,mean_pooled,word_novel,14,0.508232,0.024657
default,7,mean_pooled,word_novel,15,0.50867,0.024138
default,7,words_only,pair_novel,1,0.295027,0.008423
default,7,words_only,pair_novel,2,0.371123,0.006841
default,7,words_only,pair_novel,3,0.423221,0.007268
default,7,words_only,pair_novel,4,0.450155,0.007105
default,7,words_only,pair_novel,5,0.461063,0.006693
default,7,words_only,pair_novel,6,0.470801,0.006585
default,7,words_only,pair_novel,7,0.476139,0.006798
default,7,words_only,pair_novel,8,0.480427,0.006561
default,7,words_only,pair_novel,9,0.483516,0.00659
default,7,words_only,pair_novel,10,0.485284,0.006576
default,7,words_only,pair_novel,11,0.486773,0.006567
default,7,words_only,pair_novel,12,0.48787,0.006591
default,7,words_only,pair_novel,13,0.488568,0.006459
default,7,words_only,pair_novel,14,0.489145,0.00647
default,7,words_only,pair_novel,15,0.489541,0.006453
default,7,words_only,word_novel,1,0.294667,0.02256
default,7,words_only,word_novel,2,0.369152,0.024323
default,7,words_only,word_novel,3,0.419053,0.021911
default,7,words_only,word_novel,4,0.443907,0.02002
default,7,words_only,word_novel,5,0.453742,0.020106
default,7,words_only,word_novel,6,0.461294,0.022462
default,7,words_only,word_novel,7,0.466199,0.022169
default,7,words_only,word_novel,8,0.470079,0.022295
default,7,words_only,word_novel,9,0.472683,0.023363
default,7,words_only,word_novel,10,0.473977,0.023552
default,7,words_only,word_novel,11,0.474215,0.023347
default,7,words_only,word_novel,12,0.474924,0.023106
default,7,words_only,word_novel,13,0.475212,0.022911
default,7,words_only,word_novel,14,0.475514,0.022848
default,7,words_only,word_novel,15,0.475768,0.02264
default,8,mean_pooled,pair_novel,1,0.299214,0.008164
default,8,mean_pooled,pair_novel,2,0.40128,0.007481
default,8,mean_pooled,pair_novel,3,0.439396,0.007318
default,8,mean_pooled,pair_novel,4,0.467487,0.007079
default,8,mean_pooled,pair_novel,5,0.487669,0.006456
default,8,mean_pooled,pair_novel,6,0.499385,0.006159
default,8,mean_pooled,pair_novel,7,0.508318,0.006134
default,8,mean_pooled,pair_novel,8,0.515374,0.006231
default,8,mean_pooled,pair_novel,9,0.520411,0.006481
default,8,mean_pooled,pair_novel,10,0.523308,0.006393
default,8,mean_pooled,pair_novel,11,0.525832,0.006342
default,8,mean_pooled,pair_novel,12,0.527562,0.006707
default,8,mean_pooled,pair_novel,13,0.529058,0.006678
default,8,mean_pooled,pair_novel,14,0.530037,0.006718
default,8,mean_pooled,pair_novel,15,0.530771,0.00673
default,8,mean_pooled,word_novel,1,0.298192,0.022384
default,8,mean_pooled,word_novel,2,0.397959,0.029663
default,8,mean_pooled,word_novel,3,0.434747,0.026732
default,8,mean_pooled,word_novel,4,0.461969,0.027882
default,8,mean_pooled,word_novel,5,0.480199,0.02683
default,8,mean_pooled,word_novel,6,0.489849,0.026019
default,8,mean_pooled,word_novel,7,0.496669,0.02603
default,8,mean_pooled,word_novel,8,0.50198,0.02631
default,8,mean_pooled,word_novel,9,0.504889,0.025773
default,8,mean_pooled,word_novel,10,0.506631,0.026688
default,8,mean_pooled,word_novel,11,0.507847,0.02645
default,8,mean_pooled,word_novel,12,0.509172,0.027081
default,8,mean_pooled,word_novel,13,0.510335,0.02774
default,8,mean_pooled,word_novel,14,0.510972,0.027981
default,8,mean_pooled,word_novel,15,0.511512,0.027657
default,8,words_only,pair_novel,1,0.293108,0.008319
default,8,words_only,pair_novel,2,0.374816,0.006851
default,8,words_only,pair_novel,3,0.432006,0.007203
default,8,words_only,pair_novel,4,0.459773,0.006613
default,8,words_only,pair_novel,5,0.472304,0.006373
default,8,words_only,pair_novel,6,0.479881,0.006254
default,8,words_only,pair_novel,7,0.484832,0.006242
default,8,words_only,pair_novel,8,0.488435,0.00617
default,8,words_only,pair_novel,9,0.491038,0.006215
default,8,words_only,pair_novel,10,0.492665,0.006356
default,8,words_only,pair_novel,11,0.493726,0.006494
default,8,words_only,pair_novel,12,0.494311,0.006458
default,8,words_only,pair_novel,13,0.494862,0.006495
default,8,words_only,pair_novel,14,0.495119,0.006386
default,8,words_only,pair_novel,15,0.495403,0.006278
default,8,words_only,word_novel,1,0.292587,0.022908
default,8,words_only,word_novel,2,0.372082,0.024786
default,8,words_only,word_novel,3,0.426937,0.022999
default,8,words_only,word_novel,4,0.451834,0.020828
default,8,words_only,word_novel,5,0.462189,0.02306
default,8,words_only,word_novel,6,0.469371,0.023169
default,8,words_only,word_novel,7,0.474694,0.024234
default,8,words_only,word_novel,8,0.477215,0.02414
default,8,words_only,word_novel,9,0.479189,0.024038
default,8,words_only,word_novel,10,0.479629,0.023482
default,8,words_only,word_novel,11,0.480147,0.02347
default,8,words_only,word_novel,12,0.480136,0.023227
default,8,words_only,word_novel,13,0.480376,0.023304
default,8,words_only,word_novel,14,0.480424,0.02273
default,8,words_only,word_novel,15,0.480335,0.022694
default,9,mean_pooled,pair_novel,1,0.309767,0.008524
default,9,mean_pooled,pair_novel,2,0.399392,0.008214
default,9,mean_pooled,pair_novel,3,0.454349,0.006575
default,9,mean_pooled,pair_novel,4,0.483024,0.005725
default,9,mean_pooled,pair_novel,5,0.497909,0.006438
default,9,mean_pooled,pair_novel,6,0.506863,0.006999
default,9,mean_pooled,pair_novel,7,0.512338,0.006313
default,9,mean_pooled,pair_novel,8,0.51649,0.006468
default,9,mean_pooled,pair_novel,9,0.520737,0.006671
default,9,mean_pooled,pair_novel,10,0.523436,0.006302
default,9,mean_pooled,pair_novel,11,0.52559,0.006448
default,9,mean_pooled,pair_novel,12,0.52683,0.006614
default,9,mean_pooled,pair_novel,13,0.527759,0.006432
default,9,mean_pooled,pair_novel,14,0.528207,0.006398
default,9,mean_pooled,pair_novel,15,0.52883,0.006512
default,9,mean_pooled,word_novel,1,0.308338,0.023756
default,9,mean_pooled,word_novel,2,0.396414,0.031245
default,9,mean_pooled,word_novel,3,0.448286,0.025322
default,9,mean_pooled,word_novel,4,0.474903,0.024996
default,9,mean_pooled,word_novel,5,0.48823,0.025617
default,9,mean_pooled,word_novel,6,0.496011,0.026141
default,9,mean_pooled,word_novel,7,0.500856,0.02616
default,9,mean_pooled,word_novel,8,0.504036,0.025832
default,9,mean_pooled,word_novel,9,0.506789,0.025375
default,9,mean_pooled,word_novel,10,0.508321,0.025468
default,9,mean_pooled,word_novel,11,0.509701,0.02551
default,9,mean_pooled,word_novel,12,0.510099,0.025286
default,9,mean_pooled,word_novel,13,0.510272,0.025674
default,9,mean_pooled,word_novel,14,0.510733,0.025934
default,9,mean_pooled,word_novel,15,0.510848,0.026023
default,9,words_only,pair_novel,1,0.301069,0.008357
default,9,words_only,pair_novel,2,0.3709,0.007127
default,9,words_only,pair_novel,3,0.424737,0.006479
default,9,words_only,pair_novel,4,0.452868,0.00696
default,9,words_only,pair_novel,5,0.468669,0.006855
default,9,words_only,pair_novel,6,0.476367,0.006348
default,9,words_only,pair_novel,7,0.481872,0.00635
default,9,words_only,pair_novel,8,0.4856,0.005789
default,9,words_only,pair_novel,9,0.487989,0.005934
default,9,words_only,pair_novel,10,0.489627,0.005941
default,9,words_only,pair_novel,11,0.490522,0.006041
default,9,words_only,pair_novel,12,0.491308,0.006014
default,9,words_only,pair_novel,13,0.491853,0.005951
default,9,words_only,pair_novel,14,0.492234,0.00586
default,9,words_only,pair_novel,15,0.492439,0.005845
default,9,words_only,word_novel,1,0.300341,0.023948
default,9,words_only,word_novel,2,0.367132,0.02654
default,9,words_only,word_novel,3,0.419459,0.023611
default,9,words_only,word_novel,4,0.445882,0.020117
default,9,words_only,word_novel,5,0.459216,0.023334
default,9,words_only,word_novel,6,0.465911,0.023396
default,9,words_only,word_novel,7,0.471225,0.024542
default,9,words_only,word_novel,8,0.474004,0.024273
default,9,words_only,word_novel,9,0.475706,0.025063
default,9,words_only,word_novel,10,0.476727,0.025321
default,9,words_only,word_novel,11,0.477233,0.024865
default,9,words_only,word_novel,12,0.477521,0.024745
default,9,words_only,word_novel,13,0.477517,0.024568
default,9,words_only,word_novel,14,0.477638,0.024367
default,9,words_only,word_novel,15,0.477746,0.024285
default,10,mean_pooled,pair_novel,1,0.304643,0.007967
default,10,mean_pooled,pair_novel,2,0.393792,0.007038
default,10,mean_pooled,pair_novel,3,0.441389,0.007026
default,10,mean_pooled,pair_novel,4,0.463342,0.006766
default,10,mean_pooled,pair_novel,5,0.4805,0.006622
default,10,mean_pooled,pair_novel,6,0.49439,0.007286
default,10,mean_pooled,pair_novel,7,0.502593,0.007165
default,10,mean_pooled,pair_novel,8,0.507503,0.006966
default,10,mean_pooled,pair_novel,9,0.511618,0.007005
default,10,mean_pooled,pair_novel,10,0.514332,0.006844
default,10,mean_pooled,pair_novel,11,0.516263,0.006865
default,10,mean_pooled,pair_novel,12,0.517491,0.006756
default,10,mean_pooled,pair_novel,13,0.518591,0.006691
default,10,mean_pooled,pair_novel,14,0.519213,0.006651
default,10,mean_pooled,pair_novel,15,0.51982,0.006709
default,10,mean_pooled,word_novel,1,0.30352,0.023051
default,10,mean_pooled,word_novel,2,0.392104,0.02853
default,10,mean_pooled,word_novel,3,0.437458,0.025988
default,10,mean_pooled,word_novel,4,0.458142,0.025878
default,10,mean_pooled,word_novel,5,0.473369,0.026758
default,10,mean_pooled,word_novel,6,0.484199,0.027263
default,10,mean_pooled,word_novel,7,0.491609,0.024922
default,10,mean_pooled,word_novel,8,0.495579,0.025033
default,10,mean_pooled,word_novel,9,0.498857,0.024334
default,10,mean_pooled,word_novel,10,0.500922,0.02332
default,10,mean_pooled,word_novel,11,0.502161,0.023487
default,10,mean_pooled,word_novel,12,0.503012,0.023355
default,10,mean_pooled,word_novel,13,0.503496,0.023775
default,10,mean_pooled,word_novel,14,0.504077,0.023995
default,10,mean_pooled,word_novel,15,0.504721,0.024094
default,10,words_only,pair_novel,1,0.302007,0.008116
default,10,words_only,pair_novel,2,0.365434,0.006859
default,10,words_only,pair_novel,3,0.41107,0.007458
default,10,words_only,pair_novel,4,0.444409,0.006708
default,10,words_only,pair_novel,5,0.456925,0.007495
default,10,words_only,pair_novel,6,0.467588,0.007326
default,10,words_only,pair_novel,7,0.474664,0.006814
default,10,words_only,pair_novel,8,0.47803,0.006586
default,10,words_only,pair_novel,9,0.480355,0.006502
default,10,words_only,pair_novel,10,0.482041,0.00654
default,10,words_only,pair_novel,11,0.483271,0.006497
default,10,words_only,pair_novel,12,0.484068,0.006517
default,10,words_only,pair_novel,13,0.484504,0.006475
default,10,words_only,pair_novel,14,0.484825,0.006434
default,10,words_only,pair_novel,15,0.485035,0.006392
default,10,words_only,word_novel,1,0.301765,0.024004
default,10,words_only,word_novel,2,0.363503,0.026337
default,10,words_only,word_novel,3,0.407389,0.027406
default,10,words_only,word_novel,4,0.437598,0.021961
default,10,words_only,word_novel,5,0.448572,0.021685
default,10,words_only,word_novel,6,0.457029,0.02318
default,10,words_only,word_novel,7,0.4628,0.024606
default,10,words_only,word_novel,8,0.46598,0.024414
default,10,words_only,word_novel,9,0.467456,0.024498
default,10,words_only,word_novel,10,0.468473,0.025652
default,10,words_only,word_novel,11,0.469148,0.025639
default,10,words_only,word_novel,12,0.469417,0.025655
default,10,words_only,word_novel,13,0.469569,0.025417
default,10,words_only,word_novel,14,0.469845,0.024964
default,10,words_only,word_novel,15,0.469771,0.024892
default,11,mean_pooled,pair_novel,1,0.311457,0.008249
default,11,mean_pooled,pair_novel,2,0.397686,0.008061
default,11,mean_pooled,pair_novel,3,0.435454,0.007965
default,11,mean_pooled,pair_novel,4,0.456272,0.007721
default,11,mean_pooled,pair_novel,5,0.474049,0.007216
default,11,mean_pooled,pair_novel,6,0.48484,0.007778
default,11,mean_pooled,pair_novel,7,0.491417,0.007782
default,11,mean_pooled,pair_novel,8,0.49548,0.007865
default,11,mean_pooled,pair_novel,9,0.498319,0.007695
default,11,mean_pooled,pair_novel,10,0.500104,0.007726
default,11,mean_pooled,pair_novel,11,0.501377,0.007656
default,11,mean_pooled,pair_novel,12,0.502279,0.007815
default,11,mean_pooled,pair_novel,13,0.502867,0.007887
default,11,mean_pooled,pair_novel,14,0.503337,0.007836
default,11,mean_pooled,pair_novel,15,0.503695,0.00789
default,11,mean_pooled,word_novel,1,0.3102,0.023101
default,11,mean_pooled,word_novel,2,0.395959,0.02883
default,11,mean_pooled,word_novel,3,0.43192,0.028105
default,11,mean_pooled,word_novel,4,0.451041,0.028197
default,11,mean_pooled,word_novel,5,0.467397,0.027322
default,11,mean_pooled,word_novel,6,0.475742,0.026411
default,11,mean_pooled,word_novel,7,0.482079,0.024964
default,11,mean_pooled,word_novel,8,0.485241,0.024822
default,11,mean_pooled,word_novel,9,0.487494,0.024163
default,11,mean_pooled,word_novel,10,0.488397,0.022885
default,11,mean_pooled,word_novel,11,0.489517,0.022338
default,11,mean_pooled,word_novel,12,0.489973,0.022345
default,11,mean_pooled,word_novel,13,0.490301,0.022301
default,11,mean_pooled,word_novel,14,0.490679,0.022264
default,11,mean_pooled,word_novel,15,0.490825,0.022276
default,11,words_only,pair_novel,1,0.306447,0.008155
default,11,words_only,pair_novel,2,0.361084,0.006897
default,11,words_only,pair_novel,3,0.399836,0.007557
default,11,words_only,pair_novel,4,0.432427,0.006921
default,11,words_only,pair_novel,5,0.443755,0.007307
default,11,words_only,pair_novel,6,0.455847,0.007525
default,11,words_only,pair_novel,7,0.462324,0.007184
default,11,words_only,pair_novel,8,0.467297,0.007221
default,11,words_only,pair_novel,9,0.47049,0.00717
default,11,words_only,pair_novel,10,0.472232,0.007235
default,11,words_only,pair_novel,11,0.473034,0.007171
default,11,words_only,pair_novel,12,0.473759,0.007217
default,11,words_only,pair_novel,13,0.474178,0.00717
default,11,words_only,pair_novel,14,0.474478,0.007165
default,11,words_only,pair_novel,15,0.474662,0.007141
default,11,words_only,word_novel,1,0.305974,0.02363
default,11,words_only,word_novel,2,0.358871,0.028155
default,11,words_only,word_novel,3,0.395779,0.030013
default,11,words_only,word_novel,4,0.425802,0.026238
default,11,words_only,word_novel,5,0.435688,0.024584
default,11,words_only,word_novel,6,0.446398,0.024488
default,11,words_only,word_novel,7,0.451483,0.02458
default,11,words_only,word_novel,8,0.456517,0.024516
default,11,words_only,word_novel,9,0.458974,0.024711
default,11,words_only,word_novel,10,0.460451,0.02513
default,11,words_only,word_novel,11,0.461097,0.025172
default,11,words_only,word_novel,12,0.461661,0.025172
default,11,words_only,word_novel,13,0.461917,0.024951
default,11,words_only,word_novel,14,0.462118,0.02482
default,11,words_only,word_novel,15,0.46232,0.024613
default,12,mean_pooled,pair_novel,1,0.320753,0.004803
default,12,mean_pooled,pair_novel,2,0.394093,0.006126
default,12,mean_pooled,pair_novel,3,0.417928,0.006901
default,12,mean_pooled,pair_novel,4,0.436156,0.006798
default,12,mean_pooled,pair_novel,5,0.445187,0.007077
default,12,mean_pooled,pair_novel,6,0.450765,0.007288
default,12,mean_pooled,pair_novel,7,0.453638,0.007093
default,12,mean_pooled,pair_novel,8,0.455634,0.006885
default,12,mean_pooled,pair_novel,9,0.456868,0.006953
default,12,mean_pooled,pair_novel,10,0.457567,0.006989
default,12,mean_pooled,pair_novel,11,0.458069,0.006965
default,12,mean_pooled,pair_novel,12,0.458366,0.006982
default,12,mean_pooled,pair_novel,13,0.458605,0.006924
default,12,mean_pooled,pair_novel,14,0.458726,0.006904
default,12,mean_pooled,pair_novel,15,0.458812,0.006926
default,12,mean_pooled,word_novel,1,0.317771,0.025959
default,12,mean_pooled,word_novel,2,0.388152,0.024308
default,12,mean_pooled,word_novel,3,0.410738,0.023526
default,12,mean_pooled,word_novel,4,0.427228,0.02648
default,12,mean_pooled,word_novel,5,0.434196,0.027625
default,12,mean_pooled,word_novel,6,0.438324,0.027792
default,12,mean_pooled,word_novel,7,0.441246,0.027516
default,12,mean_pooled,word_novel,8,0.44295,0.027298
default,12,mean_pooled,word_novel,9,0.443753,0.027566
default,12,mean_pooled,word_novel,10,0.444011,0.027663
default,12,mean_pooled,word_novel,11,0.444389,0.027152
default,12,mean_pooled,word_novel,12,0.444525,0.027149
default,12,mean_pooled,word_novel,13,0.444828,0.027413
default,12,mean_pooled,word_novel,14,0.444859,0.027279
default,12,mean_pooled,word_novel,15,0.44508,0.027266
default,12,words_only,pair_novel,1,0.238636,0.004065
default,12,words_only,pair_novel,2,0.353818,0.006116
default,12,words_only,pair_novel,3,0.392944,0.006168
default,12,words_only,pair_novel,4,0.413376,0.00608
default,12,words_only,pair_novel,5,0.423749,0.006256
default,12,words_only,pair_novel,6,0.428336,0.006192
default,12,words_only,pair_novel,7,0.431115,0.006436
default,12,words_only,pair_novel,8,0.433184,0.006431
default,12,words_only,pair_novel,9,0.434527,0.006324
default,12,words_only,pair_novel,10,0.435191,0.006336
default,12,words_only,pair_novel,11,0.435543,0.006291
default,12,words_only,pair_novel,12,0.435752,0.006323
default,12,words_only,pair_novel,13,0.435871,0.006323
default,12,words_only,pair_novel,14,0.435981,0.006311
default,12,words_only,pair_novel,15,0.436049,0.006334
default,12,words_only,word_novel,1,0.236077,0.024573
default,12,words_only,word_novel,2,0.35271,0.028641
default,12,words_only,word_novel,3,0.388742,0.024895
default,12,words_only,word_novel,4,0.40541,0.027576
default,12,words_only,word_novel,5,0.413045,0.02714
default,12,words_only,word_novel,6,0.41725,0.026359
default,12,words_only,word_novel,7,0.420235,0.02621
default,12,words_only,word_novel,8,0.422361,0.02625
default,12,words_only,word_novel,9,0.423551,0.027214
default,12,words_only,word_novel,10,0.423759,0.027544
default,12,words_only,word_novel,11,0.424113,0.027852
default,12,words_only,word_novel,12,0.423929,0.027935
default,12,words_only,word_novel,13,0.424166,0.027953
default,12,words_only,word_novel,14,0.424149,0.027868
default,12,words_only,word_novel,15,0.424251,0.027926
attn_zeroed,0,mean_pooled,pair_novel,1,0.274746,0.005938
attn_zeroed,0,mean_pooled,pair_novel,2,0.365127,0.00764
attn_zeroed,0,mean_pooled,pair_novel,3,0.39116,0.006976
attn_zeroed,0,mean_pooled,pair_novel,4,0.402693,0.007087
attn_zeroed,0,mean_pooled,pair_novel,5,0.407316,0.00696
attn_zeroed,0,mean_pooled,pair_novel,6,0.409271,0.006948
attn_zeroed,0,mean_pooled,pair_novel,7,0.410049,0.006887
attn_zeroed,0,mean_pooled,pair_novel,8,0.410393,0.00683
attn_zeroed,0,mean_pooled,pair_novel,9,0.410547,0.006857
attn_zeroed,0,mean_pooled,pair_novel,10,0.410628,0.006811
attn_zeroed,0,mean_pooled,pair_novel,11,0.410656,0.006775
attn_zeroed,0,mean_pooled,pair_novel,12,0.410666,0.006771
attn_zeroed,0,mean_pooled,pair_novel,13,0.410682,0.006759
attn_zeroed,0,mean_pooled,pair_novel,14,0.410688,0.006747
attn_zeroed,0,mean_pooled,pair_novel,15,0.410694,0.006742
attn_zeroed,0,mean_pooled,word_novel,1,0.268074,0.021009
attn_zeroed,0,mean_pooled,word_novel,2,0.341072,0.023295
attn_zeroed,0,mean_pooled,word_novel,3,0.349922,0.027639
attn_zeroed,0,mean_pooled,word_novel,4,0.346317,0.025057
attn_zeroed,0,mean_pooled,word_novel,5,0.343792,0.02537
attn_zeroed,0,mean_pooled,word_novel,6,0.341211,0.023521
attn_zeroed,0,mean_pooled,word_novel,7,0.340358,0.022651
attn_zeroed,0,mean_pooled,word_novel,8,0.340001,0.021931
attn_zeroed,0,mean_pooled,word_novel,9,0.339709,0.0217
attn_zeroed,0,mean_pooled,word_novel,10,0.339458,0.021537
attn_zeroed,0,mean_pooled,word_novel,11,0.339346,0.021483
attn_zeroed,0,mean_pooled,word_novel,12,0.339327,0.021174
attn_zeroed,0,mean_pooled,word_novel,13,0.339391,0.021164
attn_zeroed,0,mean_pooled,word_novel,14,0.339331,0.021143
attn_zeroed,0,mean_pooled,word_novel,15,0.339337,0.021214
attn_zeroed,0,words_only,pair_novel,1,0.171805,0.003209
attn_zeroed,0,words_only,pair_novel,2,0.268614,0.004316
attn_zeroed,0,words_only,pair_novel,3,0.293452,0.003951
attn_zeroed,0,words_only,pair_novel,4,0.30208,0.004063
attn_zeroed,0,words_only,pair_novel,5,0.305919,0.004141
attn_zeroed,0,words_only,pair_novel,6,0.30777,0.004277
attn_zeroed,0,words_only,pair_novel,7,0.308651,0.004307
attn_zeroed,0,words_only,pair_novel,8,0.309121,0.004333
attn_zeroed,0,words_only,pair_novel,9,0.309351,0.004314
attn_zeroed,0,words_only,pair_novel,10,0.309466,0.004358
attn_zeroed,0,words_only,pair_novel,11,0.309519,0.004357
attn_zeroed,0,words_only,pair_novel,12,0.309546,0.004341
attn_zeroed,0,words_only,pair_novel,13,0.309558,0.004345
attn_zeroed,0,words_only,pair_novel,14,0.309563,0.004356
attn_zeroed,0,words_only,pair_novel,15,0.309565,0.004362
attn_zeroed,0,words_only,word_novel,1,0.161987,0.024534
attn_zeroed,0,words_only,word_novel,2,0.249614,0.021809
attn_zeroed,0,words_only,word_novel,3,0.267178,0.025631
attn_zeroed,0,words_only,word_novel,4,0.270983,0.025515
attn_zeroed,0,words_only,word_novel,5,0.271209,0.026342
attn_zeroed,0,words_only,word_novel,6,0.270918,0.025732
attn_zeroed,0,words_only,word_novel,7,0.271207,0.025525
attn_zeroed,0,words_only,word_novel,8,0.27164,0.025056
attn_zeroed,0,words_only,word_novel,9,0.272194,0.025095
attn_zeroed,0,words_only,word_novel,10,0.272647,0.025111
attn_zeroed,0,words_only,word_novel,11,0.273009,0.025236
attn_zeroed,0,words_only,word_novel,12,0.273119,0.025154
attn_zeroed,0,words_only,word_novel,13,0.273123,0.02513
attn_zeroed,0,words_only,word_novel,14,0.273137,0.025172
attn_zeroed,0,words_only,word_novel,15,0.273098,0.025177
attn_zeroed,1,mean_pooled,pair_novel,1,0.379095,0.005647
attn_zeroed,1,mean_pooled,pair_novel,2,0.423386,0.007283
attn_zeroed,1,mean_pooled,pair_novel,3,0.442581,0.007086
attn_zeroed,1,mean_pooled,pair_novel,4,0.454184,0.007372
attn_zeroed,1,mean_pooled,pair_novel,5,0.462298,0.007416
attn_zeroed,1,mean_pooled,pair_novel,6,0.465941,0.007344
attn_zeroed,1,mean_pooled,pair_novel,7,0.468549,0.007301
attn_zeroed,1,mean_pooled,pair_novel,8,0.470185,0.007185
attn_zeroed,1,mean_pooled,pair_novel,9,0.471099,0.007206
attn_zeroed,1,mean_pooled,pair_novel,10,0.471806,0.007134
attn_zeroed,1,mean_pooled,pair_novel,11,0.472343,0.007024
attn_zeroed,1,mean_pooled,pair_novel,12,0.472701,0.007097
attn_zeroed,1,mean_pooled,pair_novel,13,0.472981,0.006993
attn_zeroed,1,mean_pooled,pair_novel,14,0.473177,0.007039
attn_zeroed,1,mean_pooled,pair_novel,15,0.473359,0.007054
attn_zeroed,1,mean_pooled,word_novel,1,0.375721,0.014502
attn_zeroed,1,mean_pooled,word_novel,2,0.410365,0.014361
attn_zeroed,1,mean_pooled,word_novel,3,0.421696,0.014781
attn_zeroed,1,mean_pooled,word_novel,4,0.426996,0.014223
attn_zeroed,1,mean_pooled,word_novel,5,0.427973,0.017629
attn_zeroed,1,mean_pooled,word_novel,6,0.4271,0.01691
attn_zeroed,1,mean_pooled,word_novel,7,0.426916,0.019218
attn_zeroed,1,mean_pooled,word_novel,8,0.427163,0.018627
attn_zeroed,1,mean_pooled,word_novel,9,0.427486,0.018279
attn_zeroed,1,mean_pooled,word_novel,10,0.427161,0.017766
attn_zeroed,1,mean_pooled,word_novel,11,0.427795,0.017483
attn_zeroed,1,mean_pooled,word_novel,12,0.427617,0.017082
attn_zeroed,1,mean_pooled,word_novel,13,0.427786,0.016926
attn_zeroed,1,mean_pooled,word_novel,14,0.427684,0.01679
attn_zeroed,1,mean_pooled,word_novel,15,0.427548,0.016474
attn_zeroed,1,words_only,pair_novel,1,0.332291,0.005013
attn_zeroed,1,words_only,pair_novel,2,0.385047,0.005672
attn_zeroed,1,words_only,pair_novel,3,0.406274,0.0056
attn_zeroed,1,words_only,pair_novel,4,0.417227,0.005946
attn_zeroed,1,words_only,pair_novel,5,0.423896,0.006128
attn_zeroed,1,words_only,pair_novel,6,0.426965,0.006204
attn_zeroed,1,words_only,pair_novel,7,0.428837,0.006089
attn_zeroed,1,words_only,pair_novel,8,0.430281,0.006107
attn_zeroed,1,words_only,pair_novel,9,0.431099,0.006085
attn_zeroed,1,words_only,pair_novel,10,0.431696,0.006095
attn_zeroed,1,words_only,pair_novel,11,0.432097,0.006067
attn_zeroed,1,words_only,pair_novel,12,0.432376,0.006069
attn_zeroed,1,words_only,pair_novel,13,0.432578,0.006069
attn_zeroed,1,words_only,pair_novel,14,0.432741,0.006092
attn_zeroed,1,words_only,pair_novel,15,0.432856,0.006099
attn_zeroed,1,words_only,word_novel,1,0.325592,0.026506
attn_zeroed,1,words_only,word_novel,2,0.374419,0.018989
attn_zeroed,1,words_only,word_novel,3,0.390618,0.018641
attn_zeroed,1,words_only,word_novel,4,0.397133,0.019062
attn_zeroed,1,words_only,word_novel,5,0.401136,0.022283
attn_zeroed,1,words_only,word_novel,6,0.402902,0.022045
attn_zeroed,1,words_only,word_novel,7,0.403724,0.021821
attn_zeroed,1,words_only,word_novel,8,0.404793,0.023116
attn_zeroed,1,words_only,word_novel,9,0.405449,0.023165
attn_zeroed,1,words_only,word_novel,10,0.405713,0.023489
attn_zeroed,1,words_only,word_novel,11,0.405935,0.023364
attn_zeroed,1,words_only,word_novel,12,0.405915,0.023215
attn_zeroed,1,words_only,word_novel,13,0.405981,0.02326
attn_zeroed,1,words_only,word_novel,14,0.405997,0.023378
attn_zeroed,1,words_only,word_novel,15,0.406035,0.023458
attn_zeroed,2,mean_pooled,pair_novel,1,0.368607,0.005884
attn_zeroed,2,mean_pooled,pair_novel,2,0.423134,0.006763
attn_zeroed,2,mean_pooled,pair_novel,3,0.446409,0.007145
attn_zeroed,2,mean_pooled,pair_novel,4,0.459935,0.006962
attn_zeroed,2,mean_pooled,pair_novel,5,0.468515,0.006851
attn_zeroed,2,mean_pooled,pair_novel,6,0.474044,0.007015
attn_zeroed,2,mean_pooled,pair_novel,7,0.478381,0.007143
attn_zeroed,2,mean_pooled,pair_novel,8,0.481021,0.007217
attn_zeroed,2,mean_pooled,pair_novel,9,0.482381,0.00728
attn_zeroed,2,mean_pooled,pair_novel,10,0.483208,0.007197
attn_zeroed,2,mean_pooled,pair_novel,11,0.483725,0.007374
attn_zeroed,2,mean_pooled,pair_novel,12,0.484046,0.007336
attn_zeroed,2,mean_pooled,pair_novel,13,0.484314,0.007369
attn_zeroed,2,mean_pooled,pair_novel,14,0.48449,0.007478
attn_zeroed,2,mean_pooled,pair_novel,15,0.484612,0.007479
attn_zeroed,2,mean_pooled,word_novel,1,0.364551,0.01566
attn_zeroed,2,mean_pooled,word_novel,2,0.412303,0.013841
attn_zeroed,2,mean_pooled,word_novel,3,0.425268,0.013208
attn_zeroed,2,mean_pooled,word_novel,4,0.432081,0.012274
attn_zeroed,2,mean_pooled,word_novel,5,0.434247,0.013102
attn_zeroed,2,mean_pooled,word_novel,6,0.435501,0.014511
attn_zeroed,2,mean_pooled,word_novel,7,0.435394,0.016085
attn_zeroed,2,mean_pooled,word_novel,8,0.435939,0.017101
attn_zeroed,2,mean_pooled,word_novel,9,0.436224,0.016615
attn_zeroed,2,mean_pooled,word_novel,10,0.436766,0.017
attn_zeroed,2,mean_pooled,word_novel,11,0.437814,0.017018
attn_zeroed,2,mean_pooled,word_novel,12,0.438032,0.016767
attn_zeroed,2,mean_pooled,word_novel,13,0.438053,0.017135
attn_zeroed,2,mean_pooled,word_novel,14,0.438036,0.016581
attn_zeroed,2,mean_pooled,word_novel,15,0.438163,0.016364
attn_zeroed,2,words_only,pair_novel,1,0.341066,0.005527
attn_zeroed,2,words_only,pair_novel,2,0.393348,0.005793
attn_zeroed,2,words_only,pair_novel,3,0.415842,0.005971
attn_zeroed,2,words_only,pair_novel,4,0.42918,0.005789
attn_zeroed,2,words_only,pair_novel,5,0.435232,0.005808
attn_zeroed,2,words_only,pair_novel,6,0.438688,0.00592
attn_zeroed,2,words_only,pair_novel,7,0.440382,0.00595
attn_zeroed,2,words_only,pair_novel,8,0.441434,0.005828
attn_zeroed,2,words_only,pair_novel,9,0.441994,0.005796
attn_zeroed,2,words_only,pair_novel,10,0.442463,0.005825
attn_zeroed,2,words_only,pair_novel,11,0.442766,0.005832
attn_zeroed,2,words_only,pair_novel,12,0.442969,0.005886
attn_zeroed,2,words_only,pair_novel,13,0.443121,0.00591
attn_zeroed,2,words_only,pair_novel,14,0.443229,0.005918
attn_zeroed,2,words_only,pair_novel,15,0.443315,0.005893
attn_zeroed,2,words_only,word_novel,1,0.335623,0.023881
attn_zeroed,2,words_only,word_novel,2,0.381847,0.017633
attn_zeroed,2,words_only,word_novel,3,0.39947,0.018863
attn_zeroed,2,words_only,word_novel,4,0.407548,0.018878
attn_zeroed,2,words_only,word_novel,5,0.410871,0.020858
attn_zeroed,2,words_only,word_novel,6,0.413269,0.020222
attn_zeroed,2,words_only,word_novel,7,0.414482,0.019833
attn_zeroed,2,words_only,word_novel,8,0.415131,0.020302
attn_zeroed,2,words_only,word_novel,9,0.415308,0.020889
attn_zeroed,2,words_only,word_novel,10,0.415428,0.020282
attn_zeroed,2,words_only,word_novel,11,0.415605,0.020136
attn_zeroed,2,words_only,word_novel,12,0.415825,0.02008
attn_zeroed,2,words_only,word_novel,13,0.415883,0.019763
attn_zeroed,2,words_only,word_novel,14,0.415773,0.019826
attn_zeroed,2,words_only,word_novel,15,0.415906,0.0197
attn_zeroed,3,mean_pooled,pair_novel,1,0.302381,0.007411
attn_zeroed,3,mean_pooled,pair_novel,2,0.414111,0.007265
attn_zeroed,3,mean_pooled,pair_novel,3,0.439722,0.007077
attn_zeroed,3,mean_pooled,pair_novel,4,0.46527,0.006568
attn_zeroed,3,mean_pooled,pair_novel,5,0.476901,0.006316
attn_zeroed,3,mean_pooled,pair_novel,6,0.484906,0.006318
attn_zeroed,3,mean_pooled,pair_novel,7,0.489296,0.006517
attn_zeroed,3,mean_pooled,pair_novel,8,0.493332,0.006746
attn_zeroed,3,mean_pooled,pair_novel,9,0.495715,0.006911
attn_zeroed,3,mean_pooled,pair_novel,10,0.497388,0.00688
attn_zeroed,3,mean_pooled,pair_novel,11,0.498309,0.006976
attn_zeroed,3,mean_pooled,pair_novel,12,0.498862,0.006943
attn_zeroed,3,mean_pooled,pair_novel,13,0.499243,0.007031
attn_zeroed,3,mean_pooled,pair_novel,14,0.499512,0.007114
attn_zeroed,3,mean_pooled,pair_novel,15,0.499674,0.007189
attn_zeroed,3,mean_pooled,word_novel,1,0.300562,0.022532
attn_zeroed,3,mean_pooled,word_novel,2,0.40764,0.017167
attn_zeroed,3,mean_pooled,word_novel,3,0.426229,0.017683
attn_zeroed,3,mean_pooled,word_novel,4,0.44286,0.01589
attn_zeroed,3,mean_pooled,word_novel,5,0.449302,0.016953
attn_zeroed,3,mean_pooled,word_novel,6,0.453607,0.017514
attn_zeroed,3,mean_pooled,word_novel,7,0.455566,0.017163
attn_zeroed,3,mean_pooled,word_novel,8,0.457101,0.01738
attn_zeroed,3,mean_pooled,word_novel,9,0.457698,0.018164
attn_zeroed,3,mean_pooled,word_novel,10,0.457721,0.016917
attn_zeroed,3,mean_pooled,word_novel,11,0.457638,0.016406
attn_zeroed,3,mean_pooled,word_novel,12,0.457881,0.016348
attn_zeroed,3,mean_pooled,word_novel,13,0.457877,0.015957
attn_zeroed,3,mean_pooled,word_novel,14,0.457786,0.016234
attn_zeroed,3,mean_pooled,word_novel,15,0.457662,0.016095
attn_zeroed,3,words_only,pair_novel,1,0.30588,0.007345
attn_zeroed,3,words_only,pair_novel,2,0.399922,0.0064
attn_zeroed,3,words_only,pair_novel,3,0.433786,0.00669
attn_zeroed,3,words_only,pair_novel,4,0.448387,0.006428
attn_zeroed,3,words_only,pair_novel,5,0.460672,0.006371
attn_zeroed,3,words_only,pair_novel,6,0.467052,0.006265
attn_zeroed,3,words_only,pair_novel,7,0.470751,0.006424
attn_zeroed,3,words_only,pair_novel,8,0.472734,0.006243
attn_zeroed,3,words_only,pair_novel,9,0.473912,0.006188
attn_zeroed,3,words_only,pair_novel,10,0.474776,0.006125
attn_zeroed,3,words_only,pair_novel,11,0.475308,0.006113
attn_zeroed,3,words_only,pair_novel,12,0.47576,0.006118
attn_zeroed,3,words_only,pair_novel,13,0.476006,0.006148
attn_zeroed,3,words_only,pair_novel,14,0.476201,0.006162
attn_zeroed,3,words_only,pair_novel,15,0.476335,0.006106
attn_zeroed,3,words_only,word_novel,1,0.303784,0.023169
attn_zeroed,3,words_only,word_novel,2,0.392164,0.02015
attn_zeroed,3,words_only,word_novel,3,0.422313,0.015431
attn_zeroed,3,words_only,word_novel,4,0.43385,0.013288
attn_zeroed,3,words_only,word_novel,5,0.441759,0.014564
attn_zeroed,3,words_only,word_novel,6,0.44648,0.016686
attn_zeroed,3,words_only,word_novel,7,0.449763,0.017373
attn_zeroed,3,words_only,word_novel,8,0.450963,0.01599
attn_zeroed,3,words_only,word_novel,9,0.451449,0.016947
attn_zeroed,3,words_only,word_novel,10,0.451995,0.01749
attn_zeroed,3,words_only,word_novel,11,0.452408,0.017681
attn_zeroed,3,words_only,word_novel,12,0.45289,0.017572
attn_zeroed,3,words_only,word_novel,13,0.453082,0.017366
attn_zeroed,3,words_only,word_novel,14,0.453235,0.017441
attn_zeroed,3,words_only,word_novel,15,0.453307,0.017472
attn_zeroed,4,mean_pooled,pair_novel,1,0.305101,0.00762
attn_zeroed,4,mean_pooled,pair_novel,2,0.429506,0.007058
attn_zeroed,4,mean_pooled,pair_novel,3,0.444407,0.007173
attn_zeroed,4,mean_pooled,pair_novel,4,0.462546,0.007133
attn_zeroed,4,mean_pooled,pair_novel,5,0.481969,0.006652
attn_zeroed,4,mean_pooled,pair_novel,6,0.491522,0.006669
attn_zeroed,4,mean_pooled,pair_novel,7,0.496843,0.006831
attn_zeroed,4,mean_pooled,pair_novel,8,0.501145,0.007089
attn_zeroed,4,mean_pooled,pair_novel,9,0.504889,0.007231
attn_zeroed,4,mean_pooled,pair_novel,10,0.506758,0.007261
attn_zeroed,4,mean_pooled,pair_novel,11,0.508404,0.007211
attn_zeroed,4,mean_pooled,pair_novel,12,0.509469,0.007328
attn_zeroed,4,mean_pooled,pair_novel,13,0.510155,0.007456
attn_zeroed,4,mean_pooled,pair_novel,14,0.510534,0.007423
attn_zeroed,4,mean_pooled,pair_novel,15,0.510873,0.007447
attn_zeroed,4,mean_pooled,word_novel,1,0.302533,0.02163
attn_zeroed,4,mean_pooled,word_novel,2,0.421143,0.015497
attn_zeroed,4,mean_pooled,word_novel,3,0.433972,0.014991
attn_zeroed,4,mean_pooled,word_novel,4,0.446845,0.018413
attn_zeroed,4,mean_pooled,word_novel,5,0.45963,0.017742
attn_zeroed,4,mean_pooled,word_novel,6,0.464658,0.017536
attn_zeroed,4,mean_pooled,word_novel,7,0.467107,0.016913
attn_zeroed,4,mean_pooled,word_novel,8,0.468719,0.01708
attn_zeroed,4,mean_pooled,word_novel,9,0.470411,0.017422
attn_zeroed,4,mean_pooled,word_novel,10,0.470644,0.018008
attn_zeroed,4,mean_pooled,word_novel,11,0.47082,0.018445
attn_zeroed,4,mean_pooled,word_novel,12,0.471414,0.017981
attn_zeroed,4,mean_pooled,word_novel,13,0.471729,0.018477
attn_zeroed,4,mean_pooled,word_novel,14,0.471967,0.018426
attn_zeroed,4,mean_pooled,word_novel,15,0.47187,0.018227
attn_zeroed,4,words_only,pair_novel,1,0.311374,0.007259
attn_zeroed,4,words_only,pair_novel,2,0.414,0.005832
attn_zeroed,4,words_only,pair_novel,3,0.445401,0.006034
attn_zeroed,4,words_only,pair_novel,4,0.464398,0.00609
attn_zeroed,4,words_only,pair_novel,5,0.477712,0.005961
attn_zeroed,4,words_only,pair_novel,6,0.484729,0.006088
attn_zeroed,4,words_only,pair_novel,7,0.489961,0.006119
attn_zeroed,4,words_only,pair_novel,8,0.493258,0.006178
attn_zeroed,4,words_only,pair_novel,9,0.495134,0.006147
attn_zeroed,4,words_only,pair_novel,10,0.496532,0.006163
attn_zeroed,4,words_only,pair_novel,11,0.497543,0.006177
attn_zeroed,4,words_only,pair_novel,12,0.498252,0.006131
attn_zeroed,4,words_only,pair_novel,13,0.498711,0.006168
attn_zeroed,4,words_only,pair_novel,14,0.499034,0.006133
attn_zeroed,4,words_only,pair_novel,15,0.499245,0.006144
attn_zeroed,4,words_only,word_novel,1,0.308754,0.021671
attn_zeroed,4,words_only,word_novel,2,0.407667,0.021826
attn_zeroed,4,words_only,word_novel,3,0.436979,0.0185
attn_zeroed,4,words_only,word_novel,4,0.452774,0.017972
attn_zeroed,4,words_only,word_novel,5,0.463256,0.020499
attn_zeroed,4,words_only,word_novel,6,0.468897,0.021058
attn_zeroed,4,words_only,word_novel,7,0.47275,0.021949
attn_zeroed,4,words_only,word_novel,8,0.474653,0.022069
attn_zeroed,4,words_only,word_novel,9,0.476109,0.021496
attn_zeroed,4,words_only,word_novel,10,0.476885,0.021171
attn_zeroed,4,words_only,word_novel,11,0.477444,0.02181
attn_zeroed,4,words_only,word_novel,12,0.47807,0.021384
attn_zeroed,4,words_only,word_novel,13,0.478688,0.021364
attn_zeroed,4,words_only,word_novel,14,0.478613,0.021474
attn_zeroed,4,words_only,word_novel,15,0.478693,0.021391
attn_zeroed,5,mean_pooled,pair_novel,1,0.304176,0.007683
attn_zeroed,5,mean_pooled,pair_novel,2,0.437303,0.006915
attn_zeroed,5,mean_pooled,pair_novel,3,0.458437,0.00709
attn_zeroed,5,mean_pooled,pair_novel,4,0.474462,0.007185
attn_zeroed,5,mean_pooled,pair_novel,5,0.495288,0.006829
attn_zeroed,5,mean_pooled,pair_novel,6,0.503931,0.00638
attn_zeroed,5,mean_pooled,pair_novel,7,0.510335,0.00633
attn_zeroed,5,mean_pooled,pair_novel,8,0.516112,0.006436
attn_zeroed,5,mean_pooled,pair_novel,9,0.520245,0.006405
attn_zeroed,5,mean_pooled,pair_novel,10,0.522626,0.006301
attn_zeroed,5,mean_pooled,pair_novel,11,0.524639,0.006363
attn_zeroed,5,mean_pooled,pair_novel,12,0.525812,0.006493
attn_zeroed,5,mean_pooled,pair_novel,13,0.526556,0.006586
attn_zeroed,5,mean_pooled,pair_novel,14,0.52719,0.006654
attn_zeroed,5,mean_pooled,pair_novel,15,0.527746,0.006707
attn_zeroed,5,mean_pooled,word_novel,1,0.301388,0.021709
attn_zeroed,5,mean_pooled,word_novel,2,0.428342,0.009582
attn_zeroed,5,mean_pooled,word_novel,3,0.446781,0.011742
attn_zeroed,5,mean_pooled,word_novel,4,0.458584,0.013826
attn_zeroed,5,mean_pooled,word_novel,5,0.472552,0.011849
attn_zeroed,5,mean_pooled,word_novel,6,0.478468,0.013329
attn_zeroed,5,mean_pooled,word_novel,7,0.482206,0.012841
attn_zeroed,5,mean_pooled,word_novel,8,0.485268,0.013616
attn_zeroed,5,mean_pooled,word_novel,9,0.486942,0.013481
attn_zeroed,5,mean_pooled,word_novel,10,0.488232,0.01289
attn_zeroed,5,mean_pooled,word_novel,11,0.489295,0.013134
attn_zeroed,5,mean_pooled,word_novel,12,0.489812,0.013454
attn_zeroed,5,mean_pooled,word_novel,13,0.490352,0.013682
attn_zeroed,5,mean_pooled,word_novel,14,0.490961,0.014118
attn_zeroed,5,mean_pooled,word_novel,15,0.490878,0.013889
attn_zeroed,5,words_only,pair_novel,1,0.308861,0.007311
attn_zeroed,5,words_only,pair_novel,2,0.416316,0.005795
attn_zeroed,5,words_only,pair_novel,3,0.450106,0.006469
attn_zeroed,5,words_only,pair_novel,4,0.469186,0.006176
attn_zeroed,5,words_only,pair_novel,5,0.483528,0.006067
attn_zeroed,5,words_only,pair_novel,6,0.492352,0.0062
attn_zeroed,5,words_only,pair_novel,7,0.498133,0.006113
attn_zeroed,5,words_only,pair_novel,8,0.501999,0.006324
attn_zeroed,5,words_only,pair_novel,9,0.504388,0.006428
attn_zeroed,5,words_only,pair_novel,10,0.506181,0.006522
attn_zeroed,5,words_only,pair_novel,11,0.507329,0.006404
attn_zeroed,5,words_only,pair_novel,12,0.508172,0.006284
attn_zeroed,5,words_only,pair_novel,13,0.508791,0.006294
attn_zeroed,5,words_only,pair_novel,14,0.509217,0.006321
attn_zeroed,5,words_only,pair_novel,15,0.509518,0.006308
attn_zeroed,5,words_only,word_novel,1,0.306259,0.021403
attn_zeroed,5,words_only,word_novel,2,0.411777,0.021851
attn_zeroed,5,words_only,word_novel,3,0.443099,0.018842
attn_zeroed,5,words_only,word_novel,4,0.459054,0.016935
attn_zeroed,5,words_only,word_novel,5,0.469543,0.020132
attn_zeroed,5,words_only,word_novel,6,0.476525,0.022921
attn_zeroed,5,words_only,word_novel,7,0.480901,0.024111
attn_zeroed,5,words_only,word_novel,8,0.483073,0.02438
attn_zeroed,5,words_only,word_novel,9,0.484991,0.024821
attn_zeroed,5,words_only,word_novel,10,0.48585,0.024466
attn_zeroed,5,words_only,word_novel,11,0.486226,0.025126
attn_zeroed,5,words_only,word_novel,12,0.486995,0.024724
attn_zeroed,5,words_only,word_novel,13,0.487655,0.024385
attn_zeroed,5,words_only,word_novel,14,0.487701,0.024345
attn_zeroed,5,words_only,word_novel,15,0.487889,0.024447
attn_zeroed,6,mean_pooled,pair_novel,1,0.305951,0.007729
attn_zeroed,6,mean_pooled,pair_novel,2,0.425042,0.007231
attn_zeroed,6,mean_pooled,pair_novel,3,0.447794,0.006853
attn_zeroed,6,mean_pooled,pair_novel,4,0.470688,0.007246
attn_zeroed,6,mean_pooled,pair_novel,5,0.495725,0.007089
attn_zeroed,6,mean_pooled,pair_novel,6,0.504881,0.006971
attn_zeroed,6,mean_pooled,pair_novel,7,0.510592,0.006779
attn_zeroed,6,mean_pooled,pair_novel,8,0.517044,0.006616
attn_zeroed,6,mean_pooled,pair_novel,9,0.5211,0.006436
attn_zeroed,6,mean_pooled,pair_novel,10,0.524392,0.006063
attn_zeroed,6,mean_pooled,pair_novel,11,0.526278,0.00597
attn_zeroed,6,mean_pooled,pair_novel,12,0.527851,0.005898
attn_zeroed,6,mean_pooled,pair_novel,13,0.528955,0.005866
attn_zeroed,6,mean_pooled,pair_novel,14,0.529674,0.005985
attn_zeroed,6,mean_pooled,pair_novel,15,0.530371,0.005934
attn_zeroed,6,mean_pooled,word_novel,1,0.302826,0.022066
attn_zeroed,6,mean_pooled,word_novel,2,0.414939,0.014039
attn_zeroed,6,mean_pooled,word_novel,3,0.437108,0.012714
attn_zeroed,6,mean_pooled,word_novel,4,0.455783,0.014796
attn_zeroed,6,mean_pooled,word_novel,5,0.47424,0.013862
attn_zeroed,6,mean_pooled,word_novel,6,0.480763,0.015214
attn_zeroed,6,mean_pooled,word_novel,7,0.484847,0.01669
attn_zeroed,6,mean_pooled,word_novel,8,0.488651,0.015962
attn_zeroed,6,mean_pooled,word_novel,9,0.490543,0.016949
attn_zeroed,6,mean_pooled,word_novel,10,0.492723,0.017928
attn_zeroed,6,mean_pooled,word_novel,11,0.493185,0.018042
attn_zeroed,6,mean_pooled,word_novel,12,0.493593,0.016937
attn_zeroed,6,mean_pooled,word_novel,13,0.494582,0.016518
attn_zeroed,6,mean_pooled,word_novel,14,0.494724,0.016328
attn_zeroed,6,mean_pooled,word_novel,15,0.495649,0.016056
attn_zeroed,6,words_only,pair_novel,1,0.310268,0.007316
attn_zeroed,6,words_only,pair_novel,2,0.407093,0.005221
attn_zeroed,6,words_only,pair_novel,3,0.439345,0.005365
attn_zeroed,6,words_only,pair_novel,4,0.465826,0.005364
attn_zeroed,6,words_only,pair_novel,5,0.484621,0.005225
attn_zeroed,6,words_only,pair_novel,6,0.493565,0.005447
attn_zeroed,6,words_only,pair_novel,7,0.499425,0.005277
attn_zeroed,6,words_only,pair_novel,8,0.503983,0.005308
attn_zeroed,6,words_only,pair_novel,9,0.507286,0.005328
attn_zeroed,6,words_only,pair_novel,10,0.509327,0.005556
attn_zeroed,6,words_only,pair_novel,11,0.510695,0.00562
attn_zeroed,6,words_only,pair_novel,12,0.511849,0.005464
attn_zeroed,6,words_only,pair_novel,13,0.512661,0.005373
attn_zeroed,6,words_only,pair_novel,14,0.513185,0.005467
attn_zeroed,6,words_only,pair_novel,15,0.513607,0.005407
attn_zeroed,6,words_only,word_novel,1,0.307338,0.021387
attn_zeroed,6,words_only,word_novel,2,0.402057,0.02167
attn_zeroed,6,words_only,word_novel,3,0.432827,0.020604
attn_zeroed,6,words_only,word_novel,4,0.456985,0.017
attn_zeroed,6,words_only,word_novel,5,0.471516,0.018881
attn_zeroed,6,words_only,word_novel,6,0.479178,0.021873
attn_zeroed,6,words_only,word_novel,7,0.483539,0.022885
attn_zeroed,6,words_only,word_novel,8,0.486299,0.022907
attn_zeroed,6,words_only,word_novel,9,0.48884,0.023758
attn_zeroed,6,words_only,word_novel,10,0.48973,0.023902
attn_zeroed,6,words_only,word_novel,11,0.490832,0.025214
attn_zeroed,6,words_only,word_novel,12,0.491764,0.025421
attn_zeroed,6,words_only,word_novel,13,0.492715,0.025247
attn_zeroed,6,words_only,word_novel,14,0.493033,0.025363
attn_zeroed,6,words_only,word_novel,15,0.493255,0.025267
attn_zeroed,7,mean_pooled,pair_novel,1,0.306265,0.007523
attn_zeroed,7,mean_pooled,pair_novel,2,0.413934,0.006337
attn_zeroed,7,mean_pooled,pair_novel,3,0.463625,0.005974
attn_zeroed,7,mean_pooled,pair_novel,4,0.484445,0.006769
attn_zeroed,7,mean_pooled,pair_novel,5,0.501257,0.006679
attn_zeroed,7,mean_pooled,pair_novel,6,0.507249,0.006367
attn_zeroed,7,mean_pooled,pair_novel,7,0.516257,0.00614
attn_zeroed,7,mean_pooled,pair_novel,8,0.520807,0.006119
attn_zeroed,7,mean_pooled,pair_novel,9,0.52332,0.005976
attn_zeroed,7,mean_pooled,pair_novel,10,0.525762,0.005994
attn_zeroed,7,mean_pooled,pair_novel,11,0.52792,0.00601
attn_zeroed,7,mean_pooled,pair_novel,12,0.529166,0.005995
attn_zeroed,7,mean_pooled,pair_novel,13,0.530018,0.005899
attn_zeroed,7,mean_pooled,pair_novel,14,0.530803,0.005935
attn_zeroed,7,mean_pooled,pair_novel,15,0.531381,0.005931
attn_zeroed,7,mean_pooled,word_novel,1,0.303122,0.021676
attn_zeroed,7,mean_pooled,word_novel,2,0.404148,0.0155
attn_zeroed,7,mean_pooled,word_novel,3,0.451689,0.011427
attn_zeroed,7,mean_pooled,word_novel,4,0.468823,0.013812
attn_zeroed,7,mean_pooled,word_novel,5,0.480343,0.014964
attn_zeroed,7,mean_pooled,word_novel,6,0.484529,0.015044
attn_zeroed,7,mean_pooled,word_novel,7,0.490294,0.015314
attn_zeroed,7,mean_pooled,word_novel,8,0.49305,0.01479
attn_zeroed,7,mean_pooled,word_novel,9,0.494691,0.01599
attn_zeroed,7,mean_pooled,word_novel,10,0.495675,0.016224
attn_zeroed,7,mean_pooled,word_novel,11,0.497268,0.016898
attn_zeroed,7,mean_pooled,word_novel,12,0.497434,0.016483
attn_zeroed,7,mean_pooled,word_novel,13,0.49783,0.016387
attn_zeroed,7,mean_pooled,word_novel,14,0.498071,0.016666
attn_zeroed,7,mean_pooled,word_novel,15,0.498974,0.016657
attn_zeroed,7,words_only,pair_novel,1,0.312544,0.007387
attn_zeroed,7,words_only,pair_novel,2,0.394853,0.004728
attn_zeroed,7,words_only,pair_novel,3,0.441434,0.004959
attn_zeroed,7,words_only,pair_novel,4,0.469393,0.004549
attn_zeroed,7,words_only,pair_novel,5,0.48186,0.00455
attn_zeroed,7,words_only,pair_novel,6,0.493189,0.004411
attn_zeroed,7,words_only,pair_novel,7,0.4993,0.004669
attn_zeroed,7,words_only,pair_novel,8,0.504544,0.004709
attn_zeroed,7,words_only,pair_novel,9,0.507797,0.004664
attn_zeroed,7,words_only,pair_novel,10,0.509957,0.004563
attn_zeroed,7,words_only,pair_novel,11,0.511576,0.004744
attn_zeroed,7,words_only,pair_novel,12,0.512839,0.004713
attn_zeroed,7,words_only,pair_novel,13,0.513618,0.004661
attn_zeroed,7,words_only,pair_novel,14,0.514199,0.004631
attn_zeroed,7,words_only,pair_novel,15,0.514574,0.004669
attn_zeroed,7,words_only,word_novel,1,0.309781,0.021272
attn_zeroed,7,words_only,word_novel,2,0.390884,0.0232
attn_zeroed,7,words_only,word_novel,3,0.434764,0.020934
attn_zeroed,7,words_only,word_novel,4,0.46021,0.017671
attn_zeroed,7,words_only,word_novel,5,0.470108,0.018044
attn_zeroed,7,words_only,word_novel,6,0.479295,0.019529
attn_zeroed,7,words_only,word_novel,7,0.484803,0.021345
attn_zeroed,7,words_only,word_novel,8,0.489075,0.02275
attn_zeroed,7,words_only,word_novel,9,0.491343,0.023481
attn_zeroed,7,words_only,word_novel,10,0.492994,0.024527
attn_zeroed,7,words_only,word_novel,11,0.493375,0.02448
attn_zeroed,7,words_only,word_novel,12,0.494214,0.024573
attn_zeroed,7,words_only,word_novel,13,0.49466,0.024925
attn_zeroed,7,words_only,word_novel,14,0.495015,0.024809
attn_zeroed,7,words_only,word_novel,15,0.495134,0.024142
attn_zeroed,8,mean_pooled,pair_novel,1,0.301101,0.007526
attn_zeroed,8,mean_pooled,pair_novel,2,0.403513,0.007217
attn_zeroed,8,mean_pooled,pair_novel,3,0.460671,0.006795
attn_zeroed,8,mean_pooled,pair_novel,4,0.477357,0.006909
attn_zeroed,8,mean_pooled,pair_novel,5,0.496774,0.006631
attn_zeroed,8,mean_pooled,pair_novel,6,0.506816,0.006112
attn_zeroed,8,mean_pooled,pair_novel,7,0.516889,0.005818
attn_zeroed,8,mean_pooled,pair_novel,8,0.5215,0.005643
attn_zeroed,8,mean_pooled,pair_novel,9,0.524824,0.005669
attn_zeroed,8,mean_pooled,pair_novel,10,0.5272,0.005759
attn_zeroed,8,mean_pooled,pair_novel,11,0.529355,0.00565
attn_zeroed,8,mean_pooled,pair_novel,12,0.530267,0.005783
attn_zeroed,8,mean_pooled,pair_novel,13,0.531277,0.005775
attn_zeroed,8,mean_pooled,pair_novel,14,0.53205,0.005801
attn_zeroed,8,mean_pooled,pair_novel,15,0.532569,0.005853
attn_zeroed,8,mean_pooled,word_novel,1,0.297922,0.021486
attn_zeroed,8,mean_pooled,word_novel,2,0.39219,0.01812
attn_zeroed,8,mean_pooled,word_novel,3,0.446788,0.012499
attn_zeroed,8,mean_pooled,word_novel,4,0.462425,0.014029
attn_zeroed,8,mean_pooled,word_novel,5,0.476774,0.01693
attn_zeroed,8,mean_pooled,word_novel,6,0.483873,0.016822
attn_zeroed,8,mean_pooled,word_novel,7,0.490239,0.017086
attn_zeroed,8,mean_pooled,word_novel,8,0.493132,0.016686
attn_zeroed,8,mean_pooled,word_novel,9,0.495349,0.016342
attn_zeroed,8,mean_pooled,word_novel,10,0.496884,0.016385
attn_zeroed,8,mean_pooled,word_novel,11,0.498149,0.016546
attn_zeroed,8,mean_pooled,word_novel,12,0.498888,0.016206
attn_zeroed,8,mean_pooled,word_novel,13,0.499331,0.016354
attn_zeroed,8,mean_pooled,word_novel,14,0.499793,0.016084
attn_zeroed,8,mean_pooled,word_novel,15,0.500007,0.015623
attn_zeroed,8,words_only,pair_novel,1,0.309403,0.007223
attn_zeroed,8,words_only,pair_novel,2,0.39465,0.005013
attn_zeroed,8,words_only,pair_novel,3,0.450847,0.004725
attn_zeroed,8,words_only,pair_novel,4,0.478484,0.004543
attn_zeroed,8,words_only,pair_novel,5,0.492519,0.004484
attn_zeroed,8,words_only,pair_novel,6,0.501514,0.004763
attn_zeroed,8,words_only,pair_novel,7,0.506895,0.004604
attn_zeroed,8,words_only,pair_novel,8,0.510834,0.004696
attn_zeroed,8,words_only,pair_novel,9,0.513629,0.004608
attn_zeroed,8,words_only,pair_novel,10,0.515208,0.004755
attn_zeroed,8,words_only,pair_novel,11,0.516442,0.005007
attn_zeroed,8,words_only,pair_novel,12,0.517371,0.005005
attn_zeroed,8,words_only,pair_novel,13,0.518019,0.004921
attn_zeroed,8,words_only,pair_novel,14,0.518464,0.004877
attn_zeroed,8,words_only,pair_novel,15,0.518738,0.00481
attn_zeroed,8,words_only,word_novel,1,0.306341,0.021517
attn_zeroed,8,words_only,word_novel,2,0.390442,0.022621
attn_zeroed,8,words_only,word_novel,3,0.443816,0.019555
attn_zeroed,8,words_only,word_novel,4,0.467498,0.016478
attn_zeroed,8,words_only,word_novel,5,0.4782,0.018149
attn_zeroed,8,words_only,word_novel,6,0.486337,0.018956
attn_zeroed,8,words_only,word_novel,7,0.491656,0.021578
attn_zeroed,8,words_only,word_novel,8,0.494557,0.021347
attn_zeroed,8,words_only,word_novel,9,0.496381,0.0225
attn_zeroed,8,words_only,word_novel,10,0.497383,0.023282
attn_zeroed,8,words_only,word_novel,11,0.497816,0.023046
attn_zeroed,8,words_only,word_novel,12,0.498657,0.023587
attn_zeroed,8,words_only,word_novel,13,0.499093,0.023407
attn_zeroed,8,words_only,word_novel,14,0.499326,0.022854
attn_zeroed,8,words_only,word_novel,15,0.499276,0.022937
attn_zeroed,9,mean_pooled,pair_novel,1,0.311111,0.007633
attn_zeroed,9,mean_pooled,pair_novel,2,0.41931,0.006257
attn_zeroed,9,mean_pooled,pair_novel,3,0.468199,0.006037
attn_zeroed,9,mean_pooled,pair_novel,4,0.483767,0.005923
attn_zeroed,9,mean_pooled,pair_novel,5,0.496726,0.005957
attn_zeroed,9,mean_pooled,pair_novel,6,0.508573,0.005478
attn_zeroed,9,mean_pooled,pair_novel,7,0.516247,0.00552
attn_zeroed,9,mean_pooled,pair_novel,8,0.521054,0.005331
attn_zeroed,9,mean_pooled,pair_novel,9,0.523783,0.005409
attn_zeroed,9,mean_pooled,pair_novel,10,0.525927,0.005306
attn_zeroed,9,mean_pooled,pair_novel,11,0.527676,0.00543
attn_zeroed,9,mean_pooled,pair_novel,12,0.528951,0.005467
attn_zeroed,9,mean_pooled,pair_novel,13,0.529808,0.005417
attn_zeroed,9,mean_pooled,pair_novel,14,0.530435,0.005341
attn_zeroed,9,mean_pooled,pair_novel,15,0.530798,0.00529
attn_zeroed,9,mean_pooled,word_novel,1,0.30776,0.021864
attn_zeroed,9,mean_pooled,word_novel,2,0.408004,0.017822
attn_zeroed,9,mean_pooled,word_novel,3,0.45457,0.013148
attn_zeroed,9,mean_pooled,word_novel,4,0.468217,0.012801
attn_zeroed,9,mean_pooled,word_novel,5,0.477326,0.014241
attn_zeroed,9,mean_pooled,word_novel,6,0.48644,0.015612
attn_zeroed,9,mean_pooled,word_novel,7,0.491515,0.016562
attn_zeroed,9,mean_pooled,word_novel,8,0.494155,0.016144
attn_zeroed,9,mean_pooled,word_novel,9,0.496211,0.016328
attn_zeroed,9,mean_pooled,word_novel,10,0.497724,0.016226
attn_zeroed,9,mean_pooled,word_novel,11,0.498877,0.016613
attn_zeroed,9,mean_pooled,word_novel,12,0.49903,0.017304
attn_zeroed,9,mean_pooled,word_novel,13,0.499615,0.016944
attn_zeroed,9,mean_pooled,word_novel,14,0.499558,0.016515
attn_zeroed,9,mean_pooled,word_novel,15,0.499774,0.016465
attn_zeroed,9,words_only,pair_novel,1,0.317145,0.007324
attn_zeroed,9,words_only,pair_novel,2,0.392787,0.005206
attn_zeroed,9,words_only,pair_novel,3,0.443029,0.004489
attn_zeroed,9,words_only,pair_novel,4,0.47304,0.004819
attn_zeroed,9,words_only,pair_novel,5,0.489935,0.004783
attn_zeroed,9,words_only,pair_novel,6,0.498179,0.004635
attn_zeroed,9,words_only,pair_novel,7,0.503906,0.004621
attn_zeroed,9,words_only,pair_novel,8,0.508001,0.004354
attn_zeroed,9,words_only,pair_novel,9,0.510598,0.004258
attn_zeroed,9,words_only,pair_novel,10,0.512407,0.004489
attn_zeroed,9,words_only,pair_novel,11,0.51335,0.004518
attn_zeroed,9,words_only,pair_novel,12,0.514047,0.004514
attn_zeroed,9,words_only,pair_novel,13,0.514638,0.004507
attn_zeroed,9,words_only,pair_novel,14,0.515086,0.004453
attn_zeroed,9,words_only,pair_novel,15,0.515285,0.004438
attn_zeroed,9,words_only,word_novel,1,0.313972,0.022367
attn_zeroed,9,words_only,word_novel,2,0.38756,0.024944
attn_zeroed,9,words_only,word_novel,3,0.43518,0.020184
attn_zeroed,9,words_only,word_novel,4,0.462405,0.014667
attn_zeroed,9,words_only,word_novel,5,0.475751,0.016961
attn_zeroed,9,words_only,word_novel,6,0.483261,0.017843
attn_zeroed,9,words_only,word_novel,7,0.488804,0.018927
attn_zeroed,9,words_only,word_novel,8,0.49137,0.019164
attn_zeroed,9,words_only,word_novel,9,0.493434,0.02036
attn_zeroed,9,words_only,word_novel,10,0.49492,0.020665
attn_zeroed,9,words_only,word_novel,11,0.495803,0.021069
attn_zeroed,9,words_only,word_novel,12,0.496156,0.021087
attn_zeroed,9,words_only,word_novel,13,0.496449,0.021223
attn_zeroed,9,words_only,word_novel,14,0.496865,0.021145
attn_zeroed,9,words_only,word_novel,15,0.496928,0.020835
attn_zeroed,10,mean_pooled,pair_novel,1,0.308595,0.007378
attn_zeroed,10,mean_pooled,pair_novel,2,0.402214,0.005248
attn_zeroed,10,mean_pooled,pair_novel,3,0.459576,0.005631
attn_zeroed,10,mean_pooled,pair_novel,4,0.478717,0.006008
attn_zeroed,10,mean_pooled,pair_novel,5,0.489149,0.006006
attn_zeroed,10,mean_pooled,pair_novel,6,0.499139,0.005803
attn_zeroed,10,mean_pooled,pair_novel,7,0.505664,0.00529
attn_zeroed,10,mean_pooled,pair_novel,8,0.512606,0.005391
attn_zeroed,10,mean_pooled,pair_novel,9,0.516151,0.005601
attn_zeroed,10,mean_pooled,pair_novel,10,0.518519,0.005551
attn_zeroed,10,mean_pooled,pair_novel,11,0.520364,0.00555
attn_zeroed,10,mean_pooled,pair_novel,12,0.521703,0.005536
attn_zeroed,10,mean_pooled,pair_novel,13,0.522646,0.005453
attn_zeroed,10,mean_pooled,pair_novel,14,0.523275,0.005392
attn_zeroed,10,mean_pooled,pair_novel,15,0.523643,0.005306
attn_zeroed,10,mean_pooled,word_novel,1,0.305,0.022176
attn_zeroed,10,mean_pooled,word_novel,2,0.393355,0.019858
attn_zeroed,10,mean_pooled,word_novel,3,0.447343,0.012577
attn_zeroed,10,mean_pooled,word_novel,4,0.465874,0.013877
attn_zeroed,10,mean_pooled,word_novel,5,0.474515,0.013848
attn_zeroed,10,mean_pooled,word_novel,6,0.481965,0.014051
attn_zeroed,10,mean_pooled,word_novel,7,0.486911,0.015043
attn_zeroed,10,mean_pooled,word_novel,8,0.490893,0.014866
attn_zeroed,10,mean_pooled,word_novel,9,0.492141,0.015856
attn_zeroed,10,mean_pooled,word_novel,10,0.493858,0.015249
attn_zeroed,10,mean_pooled,word_novel,11,0.4951,0.015783
attn_zeroed,10,mean_pooled,word_novel,12,0.495746,0.015934
attn_zeroed,10,mean_pooled,word_novel,13,0.495693,0.015998
attn_zeroed,10,mean_pooled,word_novel,14,0.495722,0.016219
attn_zeroed,10,mean_pooled,word_novel,15,0.496199,0.015865
attn_zeroed,10,words_only,pair_novel,1,0.317233,0.00711
attn_zeroed,10,words_only,pair_novel,2,0.389889,0.004876
attn_zeroed,10,words_only,pair_novel,3,0.430868,0.005022
attn_zeroed,10,words_only,pair_novel,4,0.468314,0.004951
attn_zeroed,10,words_only,pair_novel,5,0.481694,0.005283
attn_zeroed,10,words_only,pair_novel,6,0.490495,0.005307
attn_zeroed,10,words_only,pair_novel,7,0.498275,0.005105
attn_zeroed,10,words_only,pair_novel,8,0.501649,0.005097
attn_zeroed,10,words_only,pair_novel,9,0.504112,0.005056
attn_zeroed,10,words_only,pair_novel,10,0.505904,0.005118
attn_zeroed,10,words_only,pair_novel,11,0.507314,0.005093
attn_zeroed,10,words_only,pair_novel,12,0.508141,0.00493
attn_zeroed,10,words_only,pair_novel,13,0.508575,0.004841
attn_zeroed,10,words_only,pair_novel,14,0.508929,0.004856
attn_zeroed,10,words_only,pair_novel,15,0.509191,0.004806
attn_zeroed,10,words_only,word_novel,1,0.31474,0.021847
attn_zeroed,10,words_only,word_novel,2,0.385531,0.024983
attn_zeroed,10,words_only,word_novel,3,0.423761,0.023862
attn_zeroed,10,words_only,word_novel,4,0.458404,0.017409
attn_zeroed,10,words_only,word_novel,5,0.47041,0.017243
attn_zeroed,10,words_only,word_novel,6,0.476562,0.017658
attn_zeroed,10,words_only,word_novel,7,0.4829,0.020022
attn_zeroed,10,words_only,word_novel,8,0.485778,0.01961
attn_zeroed,10,words_only,word_novel,9,0.48741,0.018908
attn_zeroed,10,words_only,word_novel,10,0.488965,0.019804
attn_zeroed,10,words_only,word_novel,11,0.489835,0.019518
attn_zeroed,10,words_only,word_novel,12,0.490331,0.019739
attn_zeroed,10,words_only,word_novel,13,0.490645,0.019778
attn_zeroed,10,words_only,word_novel,14,0.49118,0.019474
attn_zeroed,10,words_only,word_novel,15,0.491347,0.019122
attn_zeroed,11,mean_pooled,pair_novel,1,0.31014,0.007487
attn_zeroed,11,mean_pooled,pair_novel,2,0.401431,0.005659
attn_zeroed,11,mean_pooled,pair_novel,3,0.448763,0.00622
attn_zeroed,11,mean_pooled,pair_novel,4,0.467327,0.006417
attn_zeroed,11,mean_pooled,pair_novel,5,0.481827,0.006541
attn_zeroed,11,mean_pooled,pair_novel,6,0.49094,0.00588
attn_zeroed,11,mean_pooled,pair_novel,7,0.495786,0.005413
attn_zeroed,11,mean_pooled,pair_novel,8,0.499712,0.005441
attn_zeroed,11,mean_pooled,pair_novel,9,0.503644,0.005713
attn_zeroed,11,mean_pooled,pair_novel,10,0.505897,0.005708
attn_zeroed,11,mean_pooled,pair_novel,11,0.507573,0.005623
attn_zeroed,11,mean_pooled,pair_novel,12,0.508438,0.005631
attn_zeroed,11,mean_pooled,pair_novel,13,0.509069,0.00556
attn_zeroed,11,mean_pooled,pair_novel,14,0.50953,0.005598
attn_zeroed,11,mean_pooled,pair_novel,15,0.509824,0.005638
attn_zeroed,11,mean_pooled,word_novel,1,0.306388,0.022133
attn_zeroed,11,mean_pooled,word_novel,2,0.393352,0.023532
attn_zeroed,11,mean_pooled,word_novel,3,0.438333,0.017168
attn_zeroed,11,mean_pooled,word_novel,4,0.455442,0.015861
attn_zeroed,11,mean_pooled,word_novel,5,0.467636,0.019018
attn_zeroed,11,mean_pooled,word_novel,6,0.474202,0.019662
attn_zeroed,11,mean_pooled,word_novel,7,0.478586,0.018935
attn_zeroed,11,mean_pooled,word_novel,8,0.480412,0.018283
attn_zeroed,11,mean_pooled,word_novel,9,0.482602,0.017773
attn_zeroed,11,mean_pooled,word_novel,10,0.483732,0.016972
attn_zeroed,11,mean_pooled,word_novel,11,0.484548,0.016382
attn_zeroed,11,mean_pooled,word_novel,12,0.484767,0.016258
attn_zeroed,11,mean_pooled,word_novel,13,0.484945,0.016199
attn_zeroed,11,mean_pooled,word_novel,14,0.485223,0.016208
attn_zeroed,11,mean_pooled,word_novel,15,0.485455,0.016325
attn_zeroed,11,words_only,pair_novel,1,0.320923,0.007159
attn_zeroed,11,words_only,pair_novel,2,0.388118,0.004861
attn_zeroed,11,words_only,pair_novel,3,0.421269,0.005227
attn_zeroed,11,words_only,pair_novel,4,0.45584,0.005098
attn_zeroed,11,words_only,pair_novel,5,0.468597,0.005321
attn_zeroed,11,words_only,pair_novel,6,0.480895,0.005434
attn_zeroed,11,words_only,pair_novel,7,0.487413,0.005443
attn_zeroed,11,words_only,pair_novel,8,0.492859,0.005762
attn_zeroed,11,words_only,pair_novel,9,0.495993,0.005728
attn_zeroed,11,words_only,pair_novel,10,0.497624,0.00579
attn_zeroed,11,words_only,pair_novel,11,0.498753,0.005653
attn_zeroed,11,words_only,pair_novel,12,0.499566,0.005612
attn_zeroed,11,words_only,pair_novel,13,0.500013,0.005593
attn_zeroed,11,words_only,pair_novel,14,0.500367,0.005593
attn_zeroed,11,words_only,pair_novel,15,0.500586,0.005584
attn_zeroed,11,words_only,word_novel,1,0.3184,0.021972
attn_zeroed,11,words_only,word_novel,2,0.384246,0.027153
attn_zeroed,11,words_only,word_novel,3,0.414619,0.026342
attn_zeroed,11,words_only,word_novel,4,0.446173,0.022418
attn_zeroed,11,words_only,word_novel,5,0.458006,0.020522
attn_zeroed,11,words_only,word_novel,6,0.4685,0.020267
attn_zeroed,11,words_only,word_novel,7,0.47302,0.019929
attn_zeroed,11,words_only,word_novel,8,0.477999,0.021289
attn_zeroed,11,words_only,word_novel,9,0.480024,0.020431
attn_zeroed,11,words_only,word_novel,10,0.481557,0.02003
attn_zeroed,11,words_only,word_novel,11,0.482707,0.019883
attn_zeroed,11,words_only,word_novel,12,0.483593,0.019353
attn_zeroed,11,words_only,word_novel,13,0.484062,0.019158
attn_zeroed,11,words_only,word_novel,14,0.484465,0.019181
attn_zeroed,11,words_only,word_novel,15,0.484719,0.019223
attn_zeroed,12,mean_pooled,pair_novel,1,0.352503,0.005382
attn_zeroed,12,mean_pooled,pair_novel,2,0.409106,0.00678
attn_zeroed,12,mean_pooled,pair_novel,3,0.437041,0.006854
attn_zeroed,12,mean_pooled,pair_novel,4,0.457725,0.006649
attn_zeroed,12,mean_pooled,pair_novel,5,0.467596,0.006038
attn_zeroed,12,mean_pooled,pair_novel,6,0.473609,0.005619
attn_zeroed,12,mean_pooled,pair_novel,7,0.476908,0.006049
attn_zeroed,12,mean_pooled,pair_novel,8,0.479016,0.006011
attn_zeroed,12,mean_pooled,pair_novel,9,0.479782,0.006018
attn_zeroed,12,mean_pooled,pair_novel,10,0.480253,0.006135
attn_zeroed,12,mean_pooled,pair_novel,11,0.480606,0.006117
attn_zeroed,12,mean_pooled,pair_novel,12,0.480884,0.00602
attn_zeroed,12,mean_pooled,pair_novel,13,0.481038,0.006042
attn_zeroed,12,mean_pooled,pair_novel,14,0.481129,0.006048
attn_zeroed,12,mean_pooled,pair_novel,15,0.481198,0.006031
attn_zeroed,12,mean_pooled,word_novel,1,0.348865,0.016691
attn_zeroed,12,mean_pooled,word_novel,2,0.403524,0.018761
attn_zeroed,12,mean_pooled,word_novel,3,0.428224,0.018911
attn_zeroed,12,mean_pooled,word_novel,4,0.443702,0.022187
attn_zeroed,12,mean_pooled,word_novel,5,0.449432,0.022078
attn_zeroed,12,mean_pooled,word_novel,6,0.452822,0.02232
attn_zeroed,12,mean_pooled,word_novel,7,0.4538,0.02212
attn_zeroed,12,mean_pooled,word_novel,8,0.454363,0.021432
attn_zeroed,12,mean_pooled,word_novel,9,0.454852,0.021564
attn_zeroed,12,mean_pooled,word_novel,10,0.455241,0.021061
attn_zeroed,12,mean_pooled,word_novel,11,0.455428,0.021385
attn_zeroed,12,mean_pooled,word_novel,12,0.455623,0.021236
attn_zeroed,12,mean_pooled,word_novel,13,0.455742,0.021225
attn_zeroed,12,mean_pooled,word_novel,14,0.455675,0.020987
attn_zeroed,12,mean_pooled,word_novel,15,0.455819,0.020993
attn_zeroed,12,words_only,pair_novel,1,0.260598,0.004056
attn_zeroed,12,words_only,pair_novel,2,0.373319,0.005131
attn_zeroed,12,words_only,pair_novel,3,0.415575,0.005131
attn_zeroed,12,words_only,pair_novel,4,0.436603,0.005106
attn_zeroed,12,words_only,pair_novel,5,0.447856,0.00478
attn_zeroed,12,words_only,pair_novel,6,0.453098,0.004985
attn_zeroed,12,words_only,pair_novel,7,0.456915,0.005099
attn_zeroed,12,words_only,pair_novel,8,0.459208,0.005205
attn_zeroed,12,words_only,pair_novel,9,0.460569,0.00515
attn_zeroed,12,words_only,pair_novel,10,0.461265,0.005198
attn_zeroed,12,words_only,pair_novel,11,0.461625,0.005134
attn_zeroed,12,words_only,pair_novel,12,0.461826,0.005129
attn_zeroed,12,words_only,pair_novel,13,0.461992,0.005134
attn_zeroed,12,words_only,pair_novel,14,0.462039,0.005145
attn_zeroed,12,words_only,pair_novel,15,0.462132,0.005163
attn_zeroed,12,words_only,word_novel,1,0.256454,0.022392
attn_zeroed,12,words_only,word_novel,2,0.369844,0.023441
attn_zeroed,12,words_only,word_novel,3,0.408846,0.018689
attn_zeroed,12,words_only,word_novel,4,0.425056,0.021872
attn_zeroed,12,words_only,word_novel,5,0.433492,0.021822
attn_zeroed,12,words_only,word_novel,6,0.43705,0.02033
attn_zeroed,12,words_only,word_novel,7,0.440941,0.020155
attn_zeroed,12,words_only,word_novel,8,0.442737,0.020059
attn_zeroed,12,words_only,word_novel,9,0.443673,0.021297
attn_zeroed,12,words_only,word_novel,10,0.44405,0.021197
attn_zeroed,12,words_only,word_novel,11,0.444585,0.021292
attn_zeroed,12,words_only,word_novel,12,0.444704,0.02113
attn_zeroed,12,words_only,word_novel,13,0.444842,0.021244
attn_zeroed,12,words_only,word_novel,14,0.444819,0.021336
attn_zeroed,12,words_only,word_novel,15,0.444916,0.021415
