condition,layer,mode,split,mean_r2,sd_r2,n_folds,mean_best_epoch,mean_n_epochs
default,0,mean_pooled,pair_novel,2.9e-05,3.3e-05,10,14.9,20.9
default,0,mean_pooled,word_novel,0.00033,0.000365,10,21.2,27.2
default,0,words_only,pair_novel,3.5e-05,4.6e-05,10,10.8,16.8
default,0,words_only,word_novel,0.000238,0.000214,10,12.9,18.9
default,1,mean_pooled,pair_novel,3.4e-05,5.4e-05,10,16.3,22.3
default,1,mean_pooled,word_novel,0.000565,0.000753,10,21.9,27.9
default,1,words_only,pair_novel,3e-05,4e-05,10,15.3,21.3
default,1,words_only,word_novel,0.00039,0.000284,10,19.4,25.4
default,2,mean_pooled,pair_novel,1.1e-05,1.4e-05,10,15.8,21.8
default,2,mean_pooled,word_novel,0.000267,0.000464,10,21.0,27.0
default,2,words_only,pair_novel,2.2e-05,2.2e-05,10,16.8,22.8
default,2,words_only,word_novel,0.000279,0.000648,10,21.5,27.5
default,3,mean_pooled,pair_novel,2.8e-05,3.7e-05,10,17.8,23.8
default,3,mean_pooled,word_novel,0.000198,0.000247,10,17.8,23.8
default,3,words_only,pair_novel,3.4e-05,4.3e-05,10,15.7,21.7
default,3,words_only,word_novel,0.000262,0.000376,10,20.6,26.6
default,4,mean_pooled,pair_novel,1.6e-05,1.8e-05,10,19.3,25.3
default,4,mean_pooled,word_novel,0.000357,0.000429,10,24.2,30.2
default,4,words_only,pair_novel,2e-05,3.9e-05,10,15.3,21.3
default,4,words_only,word_novel,0.000383,0.000867,10,23.7,29.7
default,5,mean_pooled,pair_novel,2.3e-05,1.9e-05,10,18.9,24.9
default,5,mean_pooled,word_novel,0.000136,0.000194,10,25.5,31.5
default,5,words_only,pair_novel,3.8e-05,4.6e-05,10,18.3,24.3
default,5,words_only,word_novel,5.2e-05,8.2e-05,10,20.9,26.9
default,6,mean_pooled,pair_novel,3.3e-05,5.4e-05,10,19.2,25.2
default,6,mean_pooled,word_novel,0.000631,0.000944,10,24.3,30.3
default,6,words_only,pair_novel,1.3e-05,1.5e-05,10,20.0,26.0
default,6,words_only,word_novel,0.000626,0.000677,10,24.5,30.5
default,7,mean_pooled,pair_novel,4.3e-05,8e-05,10,18.9,24.9
default,7,mean_pooled,word_novel,0.000283,0.00069,10,23.1,29.1
default,7,words_only,pair_novel,2.4e-05,2.7e-05,10,20.1,26.1
default,7,words_only,word_novel,0.000199,0.00017,10,24.8,30.8
default,8,mean_pooled,pair_novel,1.1e-05,1.6e-05,10,21.5,27.5
default,8,mean_pooled,word_novel,0.000353,0.000324,10,25.5,31.5
default,8,words_only,pair_novel,3.6e-05,7.2e-05,10,22.1,28.1
default,8,words_only,word_novel,0.000437,0.000722,10,22.6,28.6
default,9,mean_pooled,pair_novel,3e-05,3.2e-05,10,18.3,24.3
default,9,mean_pooled,word_novel,0.000326,0.000436,10,21.1,27.1
default,9,words_only,pair_novel,2.4e-05,2.2e-05,10,19.9,25.9
default,9,words_only,word_novel,0.000549,0.000835,10,23.4,29.4
default,10,mean_pooled,pair_novel,2.6e-05,3e-05,10,20.3,26.3
default,10,mean_pooled,word_novel,0.000288,0.000475,10,27.0,33.0
default,10,words_only,pair_novel,1.7e-05,2.5e-05,10,21.8,27.8
default,10,words_only,word_novel,0.000345,0.000565,10,24.3,30.3
default,11,mean_pooled,pair_novel,1.8e-05,2.1e-05,10,25.8,31.8
default,11,mean_pooled,word_novel,0.000195,0.000202,10,30.7,36.7
default,11,words_only,pair_novel,2e-05,1.5e-05,10,22.4,28.4
default,11,words_only,word_novel,0.00012,0.000166,10,27.0,33.0
default,12,mean_pooled,pair_novel,4e-05,6.1e-05,10,22.7,28.7
default,12,mean_pooled,word_novel,0.000232,0.000385,10,26.6,32.6
default,12,words_only,pair_novel,4.4e-05,5.1e-05,10,22.0,28.0
default,12,words_only,word_novel,0.00037,0.000482,10,30.2,36.2
default,13,mean_pooled,pair_novel,1.4e-05,1.2e-05,10,21.5,27.5
default,13,mean_pooled,word_novel,0.000331,0.000454,10,27.3,33.3
default,13,words_only,pair_novel,3.1e-05,3.2e-05,10,23.5,29.5
default,13,words_only,word_novel,0.000263,0.000306,10,28.2,34.2
default,14,mean_pooled,pair_novel,3.7e-05,5.5e-05,10,24.9,30.9
default,14,mean_pooled,word_novel,0.000122,0.000197,10,26.4,32.4
default,14,words_only,pair_novel,3.2e-05,6.3e-05,10,22.8,28.8
default,14,words_only,word_novel,0.000185,0.000176,10,26.6,32.6
default,15,mean_pooled,pair_novel,2.3e-05,3e-05,10,21.1,27.1
default,15,mean_pooled,word_novel,0.000142,0.000139,10,27.0,33.0
default,15,words_only,pair_novel,3.2e-05,5.1e-05,10,22.4,28.4
default,15,words_only,word_novel,0.00024,0.000452,10,27.2,33.2
default,16,mean_pooled,pair_novel,1.7e-05,1.4e-05,10,30.1,36.1
default,16,mean_pooled,word_novel,0.000383,0.000345,10,26.6,32.6
default,16,words_only,pair_novel,3.4e-05,3.7e-05,10,23.8,29.8
default,16,words_only,word_novel,0.000256,0.000334,10,28.0,34.0
default,17,mean_pooled,pair_novel,2.7e-05,3.4e-05,10,24.7,30.7
default,17,mean_pooled,word_novel,0.000559,0.000805,10,26.4,32.4
default,17,words_only,pair_novel,3.9e-05,4.4e-05,10,22.0,28.0
default,17,words_only,word_novel,0.000215,0.000239,10,26.9,32.9
default,18,mean_pooled,pair_novel,2.8e-05,3e-05,10,22.4,28.4
default,18,mean_pooled,word_novel,9.5e-05,0.000106,10,23.4,29.4
default,18,words_only,pair_novel,1.9e-05,2.2e-05,10,22.4,28.4
default,18,words_only,word_novel,0.000198,0.000184,10,30.3,36.3
default,19,mean_pooled,pair_novel,2.3e-05,1.9e-05,10,23.9,29.9
default,19,mean_pooled,word_novel,0.000854,0.000993,10,25.1,31.1
default,19,words_only,pair_novel,1.6e-05,1.8e-05,10,25.3,31.3
default,19,words_only,word_novel,0.00022,0.00025,10,27.7,33.7
default,20,mean_pooled,pair_novel,2.6e-05,2.5e-05,10,24.1,30.1
default,20,mean_pooled,word_novel,0.000445,0.000416,10,29.3,35.3
default,20,words_only,pair_novel,2e-05,2.2e-05,10,28.0,34.0
default,20,words_only,word_novel,0.000498,0.000772,10,31.3,37.3
default,21,mean_pooled,pair_novel,2.1e-05,2e-05,10,26.4,32.4
default,21,mean_pooled,word_novel,0.000199,0.000277,10,34.2,40.2
default,21,words_only,pair_novel,1e-05,1.7e-05,10,24.7,30.7
default,21,words_only,word_novel,7.8e-05,7.9e-05,10,25.3,31.3
default,22,mean_pooled,pair_novel,3.6e-05,4e-05,10,26.4,32.4
default,22,mean_pooled,word_novel,0.000415,0.000524,10,27.5,33.5
default,22,words_only,pair_novel,3.8e-05,4.5e-05,10,25.7,31.7
default,22,words_only,word_novel,0.000135,0.000262,10,27.0,33.0
default,23,mean_pooled,pair_novel,2.5e-05,3.7e-05,10,29.1,35.1
default,23,mean_pooled,word_novel,0.000219,0.000369,10,29.2,35.2
default,23,words_only,pair_novel,3.7e-05,4.2e-05,10,26.7,32.7
default,23,words_only,word_novel,0.000139,0.000252,10,39.2,45.2
default,24,mean_pooled,pair_novel,5e-05,7.6e-05,10,23.3,29.3
default,24,mean_pooled,word_novel,0.00079,0.000638,10,30.7,36.7
default,24,words_only,pair_novel,2.4e-05,2.8e-05,10,29.2,35.2
default,24,words_only,word_novel,0.000393,0.000349,10,32.1,38.1
attn_zeroed,0,mean_pooled,pair_novel,2.7e-05,3.1e-05,10,15.4,21.4
attn_zeroed,0,mean_pooled,word_novel,0.0003,0.000335,10,20.8,26.8
attn_zeroed,0,words_only,pair_novel,3.6e-05,5.1e-05,10,10.5,16.5
attn_zeroed,0,words_only,word_novel,0.00025,0.000237,10,12.9,18.9
attn_zeroed,1,mean_pooled,pair_novel,3.8e-05,3.1e-05,10,17.4,23.4
attn_zeroed,1,mean_pooled,word_novel,0.000607,0.000704,10,21.1,27.1
attn_zeroed,1,words_only,pair_novel,3.2e-05,4.3e-05,10,15.6,21.6
attn_zeroed,1,words_only,word_novel,0.000415,0.000309,10,19.4,25.4
attn_zeroed,2,mean_pooled,pair_novel,3.2e-05,4.1e-05,10,20.6,26.6
attn_zeroed,2,mean_pooled,word_novel,0.00024,0.000639,10,19.1,25.1
attn_zeroed,2,words_only,pair_novel,2.3e-05,2.4e-05,10,16.8,22.8
attn_zeroed,2,words_only,word_novel,0.000341,0.00067,10,21.2,27.2
attn_zeroed,3,mean_pooled,pair_novel,1.6e-05,1.3e-05,10,21.8,27.8
attn_zeroed,3,mean_pooled,word_novel,0.000137,0.000181,10,22.6,28.6
attn_zeroed,3,words_only,pair_novel,2.3e-05,3.2e-05,10,15.8,21.8
attn_zeroed,3,words_only,word_novel,0.00024,0.000202,10,21.5,27.5
attn_zeroed,4,mean_pooled,pair_novel,1.3e-05,1.6e-05,10,21.0,27.0
attn_zeroed,4,mean_pooled,word_novel,0.000471,0.000585,10,24.6,30.6
attn_zeroed,4,words_only,pair_novel,2.3e-05,4.3e-05,10,16.9,22.9
attn_zeroed,4,words_only,word_novel,0.000439,0.000831,10,21.5,27.5
attn_zeroed,5,mean_pooled,pair_novel,2.6e-05,4e-05,10,20.2,26.2
attn_zeroed,5,mean_pooled,word_novel,0.000312,0.000442,10,24.2,30.2
attn_zeroed,5,words_only,pair_novel,3.3e-05,4e-05,10,17.5,23.5
attn_zeroed,5,words_only,word_novel,4.9e-05,7.7e-05,10,20.9,26.9
attn_zeroed,6,mean_pooled,pair_novel,2.1e-05,3.2e-05,10,19.6,25.6
attn_zeroed,6,mean_pooled,word_novel,0.000426,0.000508,10,26.9,32.9
attn_zeroed,6,words_only,pair_novel,7e-06,1e-05,10,19.1,25.1
attn_zeroed,6,words_only,word_novel,0.00077,0.000844,10,23.6,29.6
attn_zeroed,7,mean_pooled,pair_novel,3.9e-05,4.1e-05,10,19.7,25.7
attn_zeroed,7,mean_pooled,word_novel,7.3e-05,8.3e-05,10,26.1,32.1
attn_zeroed,7,words_only,pair_novel,2.7e-05,2.9e-05,10,19.4,25.4
attn_zeroed,7,words_only,word_novel,0.000189,0.000199,10,23.9,29.9
attn_zeroed,8,mean_pooled,pair_novel,3.9e-05,5.1e-05,10,22.9,28.9
attn_zeroed,8,mean_pooled,word_novel,0.000338,0.000287,10,23.3,29.3
attn_zeroed,8,words_only,pair_novel,2.6e-05,5.3e-05,10,21.4,27.4
attn_zeroed,8,words_only,word_novel,0.000432,0.000721,10,22.4,28.4
attn_zeroed,9,mean_pooled,pair_novel,3.9e-05,6.1e-05,10,19.0,25.0
attn_zeroed,9,mean_pooled,word_novel,0.000467,0.00049,10,27.0,33.0
attn_zeroed,9,words_only,pair_novel,2.1e-05,2.3e-05,10,19.8,25.8
attn_zeroed,9,words_only,word_novel,0.000597,0.000962,10,23.6,29.6
attn_zeroed,10,mean_pooled,pair_novel,2.5e-05,3.4e-05,10,19.8,25.8
attn_zeroed,10,mean_pooled,word_novel,0.000191,0.000172,10,23.2,29.2
attn_zeroed,10,words_only,pair_novel,1.7e-05,2.3e-05,10,21.3,27.3
attn_zeroed,10,words_only,word_novel,0.000322,0.000538,10,24.3,30.3
attn_zeroed,11,mean_pooled,pair_novel,1.8e-05,3.5e-05,10,21.5,27.5
attn_zeroed,11,mean_pooled,word_novel,0.000465,0.000757,10,22.8,28.8
attn_zeroed,11,words_only,pair_novel,2.2e-05,1.9e-05,10,21.0,27.0
attn_zeroed,11,words_only,word_novel,0.000134,0.000163,10,23.8,29.8
attn_zeroed,12,mean_pooled,pair_novel,2.5e-05,3e-05,10,22.0,28.0
attn_zeroed,12,mean_pooled,word_novel,0.000501,0.000816,10,29.5,35.5
attn_zeroed,12,words_only,pair_novel,4.5e-05,5.5e-05,10,22.0,28.0
attn_zeroed,12,words_only,word_novel,0.00032,0.000456,10,26.5,32.5
attn_zeroed,13,mean_pooled,pair_novel,2.8e-05,5e-05,10,21.6,27.6
attn_zeroed,13,mean_pooled,word_novel,0.000545,0.000975,10,28.9,34.9
attn_zeroed,13,words_only,pair_novel,4e-05,4.6e-05,10,21.9,27.9
attn_zeroed,13,words_only,word_novel,0.000236,0.00026,10,28.2,34.2
attn_zeroed,14,mean_pooled,pair_novel,4.1e-05,4.8e-05,10,31.4,37.4
attn_zeroed,14,mean_pooled,word_novel,0.00023,0.000258,10,27.8,33.8
attn_zeroed,14,words_only,pair_novel,2.9e-05,4.6e-05,10,22.4,28.4
attn_zeroed,14,words_only,word_novel,0.000185,0.000194,10,26.5,32.5
attn_zeroed,15,mean_pooled,pair_novel,3e-05,3.8e-05,10,21.9,27.9
attn_zeroed,15,mean_pooled,word_novel,0.000339,0.000401,10,29.6,35.6
attn_zeroed,15,words_only,pair_novel,2.9e-05,4.4e-05,10,23.3,29.3
attn_zeroed,15,words_only,word_novel,0.000282,0.000518,10,27.2,33.2
attn_zeroed,16,mean_pooled,pair_novel,2.1e-05,2.1e-05,10,29.0,35.0
attn_zeroed,16,mean_pooled,word_novel,0.000175,0.000139,10,26.8,32.8
attn_zeroed,16,words_only,pair_novel,3.4e-05,3.3e-05,10,22.0,28.0
attn_zeroed,16,words_only,word_novel,0.000241,0.000353,10,29.1,35.1
attn_zeroed,17,mean_pooled,pair_novel,2.3e-05,2.6e-05,10,26.0,32.0
attn_zeroed,17,mean_pooled,word_novel,0.000271,0.000294,10,29.0,35.0
attn_zeroed,17,words_only,pair_novel,4e-05,4e-05,10,20.8,26.8
attn_zeroed,17,words_only,word_novel,0.000195,0.000271,10,26.8,32.8
attn_zeroed,18,mean_pooled,pair_novel,3.3e-05,5.6e-05,10,24.4,30.4
attn_zeroed,18,mean_pooled,word_novel,0.000247,0.000298,10,27.7,33.7
attn_zeroed,18,words_only,pair_novel,1.9e-05,2.1e-05,10,21.4,27.4
attn_zeroed,18,words_only,word_novel,0.000219,0.000214,10,30.3,36.3
attn_zeroed,19,mean_pooled,pair_novel,4e-05,4.4e-05,10,26.0,32.0
attn_zeroed,19,mean_pooled,word_novel,0.000588,0.000564,10,29.1,35.1
attn_zeroed,19,words_only,pair_novel,1.3e-05,1.5e-05,10,25.3,31.3
attn_zeroed,19,words_only,word_novel,0.000266,0.000242,10,27.0,33.0
attn_zeroed,20,mean_pooled,pair_novel,1.9e-05,2.4e-05,10,29.0,35.0
attn_zeroed,20,mean_pooled,word_novel,0.000408,0.000624,10,27.2,33.2
attn_zeroed,20,words_only,pair_novel,1.3e-05,1.6e-05,10,26.3,32.3
attn_zeroed,20,words_only,word_novel,0.000404,0.000414,10,27.9,33.9
attn_zeroed,21,mean_pooled,pair_novel,2.5e-05,4.3e-05,10,26.1,32.1
attn_zeroed,21,mean_pooled,word_novel,0.000446,0.000505,10,33.0,39.0
attn_zeroed,21,words_only,pair_novel,1.5e-05,1.9e-05,10,23.4,29.4
attn_zeroed,21,words_only,word_novel,8.5e-05,7.9e-05,10,26.3,32.3
attn_zeroed,22,mean_pooled,pair_novel,2.8e-05,3.2e-05,10,20.8,26.8
attn_zeroed,22,mean_pooled,word_novel,0.00015,0.00016,10,26.0,32.0
attn_zeroed,22,words_only,pair_novel,3.4e-05,4.4e-05,10,26.1,32.1
attn_zeroed,22,words_only,word_novel,0.00013,0.000264,10,27.1,33.1
attn_zeroed,23,mean_pooled,pair_novel,2.5e-05,3.3e-05,10,29.0,35.0
attn_zeroed,23,mean_pooled,word_novel,0.000123,0.000208,10,31.8,37.8
attn_zeroed,23,words_only,pair_novel,4.1e-05,4e-05,10,27.2,33.2
attn_zeroed,23,words_only,word_novel,0.000129,0.000261,10,36.9,42.9
attn_zeroed,24,mean_pooled,pair_novel,4.6e-05,5.7e-05,10,24.6,30.6
attn_zeroed,24,mean_pooled,word_novel,0.000333,0.000519,10,33.7,39.7
attn_zeroed,24,words_only,pair_novel,2.5e-05,3e-05,10,26.3,32.3
attn_zeroed,24,words_only,word_novel,0.000417,0.000365,10,32.1,38.1
